id,firstName,lastName,email,gender,contactNo,country,dob
1,Dud,Ishak,dishak0@alexa.com,Male,970-613-2617,Ukraine,24-06-2012
2,Jolyn,Bragg,jbragg1@go.com,Genderqueer,614-319-7266,United States,18-09-2003
3,Sallie,Gaw,sgaw2@mit.edu,Female,997-395-9270,France,12-05-1994
4,Belle,De Biasi,bdebiasi3@ucla.edu,Female,592-563-0424,Democratic Republic of the Congo,08-04-2001
5,Bing,Filov,bfilov4@engadget.com,Male,343-984-1150,Indonesia,19-10-1992
6,West,Douberday,wdouberday5@mozilla.org,Male,615-444-4318,Brazil,24-05-1990
7,Marion,Northridge,mnorthridge6@newsvine.com,Female,149-504-2848,Dominican Republic,01-04-2020
8,Hillary,Whittle,hwhittle7@free.fr,Non-binary,800-103-2454,China,09-05-1993
9,Standford,Semour,ssemour8@live.com,Genderqueer,442-441-9317,Indonesia,24-10-2010
10,Babs,Orridge,borridge9@exblog.jp,Female,654-596-4163,Netherlands,04-08-1999
11,Arliene,Dunnett,adunnetta@microsoft.com,Female,799-950-8349,China,10-08-1999
12,Anabal,Bick,abickb@icq.com,Female,100-307-6924,Ukraine,20-06-2009
13,Thelma,Hoodlass,thoodlassc@ucsd.edu,Female,627-566-6711,China,16-11-2012
14,Othello,Sperrett,osperrettd@feedburner.com,Male,326-887-9247,France,28-11-1990
15,Kristal,Herche,kherchee@cbslocal.com,Female,928-973-7589,China,12-11-2016
16,Archibaldo,Goldberg,agoldbergf@ted.com,Male,733-212-0386,Brazil,27-04-2012
17,Traver,Sutheran,tsutherang@wired.com,Male,231-864-6056,Bosnia and Herzegovina,30-12-1994
18,Noelani,Baggally,nbaggallyh@discuz.net,Female,641-445-0261,Brazil,22-02-2015
19,Maye,Peetermann,mpeetermanni@rambler.ru,Female,222-435-3367,Bulgaria,19-01-2011
20,Barbara,Coleyshaw,bcoleyshawj@unc.edu,Agender,415-111-0479,Ecuador,13-11-2005
21,Fania,Rewan,frewank@msu.edu,Female,191-884-4571,Tunisia,16-12-2014
22,Wolfgang,Oakes,woakesl@illinois.edu,Male,257-206-7432,Indonesia,23-01-2013
23,Ade,O' Timony,aotimonym@gov.uk,Male,869-144-1196,Brazil,06-08-2011
24,Cherrita,Dyers,cdyersn@wikimedia.org,Female,458-114-4414,China,14-04-2017
25,Ram,Picknett,rpicknetto@sitemeter.com,Male,844-259-6129,Greece,29-08-2016
26,Lauree,Welbelove,lwelbelovep@wikipedia.org,Female,712-218-2506,Indonesia,02-04-1993
27,Christie,Fleischer,cfleischerq@earthlink.net,Male,738-533-1171,Iran,15-07-2006
28,Winthrop,Hamm,whammr@virginia.edu,Male,582-122-9264,Slovenia,16-10-1998
29,Cedric,Thring,cthrings@cpanel.net,Male,320-144-8534,China,20-07-2000
30,Lenci,Skipsey,lskipseyt@oaic.gov.au,Male,443-819-1410,China,17-11-2002
31,Marna,Breen,mbreenu@gravatar.com,Female,755-125-7502,Poland,06-11-2017
32,Moss,Doret,mdoretv@flavors.me,Male,530-901-1228,Brazil,04-06-1996
33,Goldie,Garland,ggarlandw@webeden.co.uk,Female,257-379-3499,Brazil,08-02-2018
34,Arlena,Armytage,aarmytagex@cocolog-nifty.com,Female,258-586-8992,Brazil,23-10-2019
35,Ianthe,Hamlen,ihamleny@sakura.ne.jp,Bigender,407-843-4247,Greece,08-09-2014
36,Mame,Kenworth,mkenworthz@gmpg.org,Female,750-276-1808,Portugal,10-02-2000
37,Joletta,O'Keefe,jokeefe10@artisteer.com,Female,345-311-4328,Russia,23-02-2002
38,Demetris,Golby,dgolby11@privacy.gov.au,Female,323-136-0870,United States,13-12-1991
39,Brianna,Benez,bbenez12@ustream.tv,Female,143-309-5021,China,10-08-2014
40,Gratia,Mahedy,gmahedy13@sbwire.com,Female,362-587-9986,Philippines,25-10-1994
41,Allissa,Kensall,akensall14@de.vu,Female,621-600-1159,Russia,25-04-2014
42,Ingaberg,Laba,ilaba15@jalbum.net,Female,674-550-0587,Brazil,21-12-1999
43,Glory,Babalola,gbabalola16@deviantart.com,Bigender,220-483-5637,Ukraine,09-10-2007
44,Yorke,Hemms,yhemms17@phpbb.com,Male,560-750-1697,China,03-02-1996
45,Haskel,Najara,hnajara18@twitpic.com,Male,714-554-4153,Sweden,23-07-1998
46,Lennie,Portress,lportress19@seesaa.net,Male,870-183-5539,Finland,07-05-1990
47,Fabian,Goodoune,fgoodoune1a@yellowbook.com,Male,746-893-9654,Marshall Islands,12-05-2010
48,Valentin,Lambarton,vlambarton1b@ebay.com,Male,229-940-0648,Montenegro,21-02-2004
49,Colas,Abrahamsen,cabrahamsen1c@deviantart.com,Polygender,557-794-1168,France,19-02-2018
50,Christabella,O'Scully,coscully1d@samsung.com,Female,538-928-2462,Colombia,20-09-2016
51,Bennie,Trinke,btrinke1e@hatena.ne.jp,Non-binary,553-748-1871,South Africa,06-04-2018
52,Cristian,Mackleden,cmackleden1f@wufoo.com,Male,730-252-2548,Chile,28-10-2018
53,Rufus,Santello,rsantello1g@trellian.com,Male,716-544-4886,China,27-10-2015
54,Smith,Songust,ssongust1h@prlog.org,Male,586-272-2263,Indonesia,06-04-2001
55,Jeni,Rodger,jrodger1i@cnet.com,Genderqueer,288-561-9583,Indonesia,28-07-2017
56,Constanta,Comiam,ccomiam1j@who.int,Female,560-978-8891,Mauritius,31-03-2009
57,Burty,Cutbirth,bcutbirth1k@domainmarket.com,Male,104-338-0122,China,30-01-2005
58,Keefer,Caddie,kcaddie1l@nsw.gov.au,Male,495-708-8739,France,02-03-2000
59,Jarib,Ankers,jankers1m@linkedin.com,Male,203-806-9578,France,12-04-2000
60,Nikita,Rennolds,nrennolds1n@arizona.edu,Male,939-519-9155,China,11-11-2014
61,Norris,Millson,nmillson1o@bizjournals.com,Male,117-607-6908,Ireland,31-07-2014
62,Tait,O' Culligan,toculligan1p@biglobe.ne.jp,Male,891-446-0089,Russia,14-11-2019
63,Mabel,Ferrarone,mferrarone1q@slate.com,Female,443-669-1163,China,10-02-1995
64,Shepherd,Doud,sdoud1r@uiuc.edu,Male,874-226-4208,Nigeria,02-09-2000
65,Alvin,Larmour,alarmour1s@hatena.ne.jp,Male,522-621-9071,Poland,04-01-2007
66,May,Tellwright,mtellwright1t@youtu.be,Female,901-266-9397,Greece,19-12-2002
67,Bret,Vallens,bvallens1u@tumblr.com,Male,551-205-2523,Ireland,10-03-2004
68,Gertrudis,Creavan,gcreavan1v@biglobe.ne.jp,Female,896-323-8268,Czech Republic,11-10-2014
69,Bev,Bolino,bbolino1w@bbb.org,Polygender,688-897-1545,France,22-08-2010
70,Gilberte,Hedgeman,ghedgeman1x@topsy.com,Female,204-819-8853,Russia,30-08-2016
71,Alf,Hacquoil,ahacquoil1y@rambler.ru,Male,649-415-9535,Russia,25-08-1995
72,Clemens,Gallager,cgallager1z@bbc.co.uk,Male,225-181-7339,Philippines,27-06-2009
73,Ezra,Kares,ekares20@unc.edu,Male,835-396-0847,China,22-04-1994
74,Ugo,Coom,ucoom21@symantec.com,Male,925-961-9539,Philippines,21-03-2020
75,Arthur,Ruggiero,aruggiero22@phpbb.com,Male,699-566-1150,Azerbaijan,23-02-1999
76,Rockey,Kindall,rkindall23@elpais.com,Male,843-664-5976,Serbia,25-12-1997
77,Rurik,Farrear,rfarrear24@symantec.com,Male,467-261-5095,China,31-12-1990
78,Nichole,Dillow,ndillow25@techcrunch.com,Male,390-205-6658,Russia,01-12-2015
79,Jorge,Brydie,jbrydie26@people.com.cn,Male,293-593-3922,Czech Republic,14-01-2005
80,Albrecht,Defries,adefries27@noaa.gov,Male,990-587-6042,Indonesia,29-06-2014
81,Murvyn,Longstaff,mlongstaff28@webs.com,Male,321-278-5972,China,31-01-2020
82,Ewan,Crosland,ecrosland29@cloudflare.com,Male,562-453-2275,United States,19-09-2021
83,Jacynth,Weond,jweond2a@google.ru,Female,710-439-5441,China,07-12-1990
84,Genni,Butt Gow,gbuttgow2b@360.cn,Female,835-391-9721,South Africa,30-01-2007
85,Ardelis,Loyley,aloyley2c@free.fr,Female,679-369-7397,Russia,10-09-2019
86,Sholom,Furtado,sfurtado2d@jiathis.com,Male,195-574-0892,Portugal,10-09-2015
87,Hedwig,Linn,hlinn2e@redcross.org,Female,739-937-9018,Indonesia,04-08-2012
88,Rutherford,Blacksell,rblacksell2f@usgs.gov,Male,355-906-1899,Thailand,18-11-2020
89,Rice,Scrinage,rscrinage2g@statcounter.com,Male,142-614-5150,Malaysia,28-08-2021
90,Kerry,Kleynen,kkleynen2h@unicef.org,Male,962-254-0894,China,25-10-2002
91,Deny,Frisel,dfrisel2i@e-recht24.de,Female,347-491-3346,Croatia,02-04-1995
92,Julee,Chaff,jchaff2j@youtu.be,Female,665-849-2954,France,01-06-2010
93,Georgie,Eakly,geakly2k@squidoo.com,Male,627-958-7492,China,03-07-2010
94,Euell,Snoddy,esnoddy2l@blogger.com,Male,455-784-8545,Poland,21-11-2010
95,Daffie,Jarrold,djarrold2m@barnesandnoble.com,Female,884-495-8889,Portugal,02-10-2016
96,Elysia,Frewer,efrewer2n@blinklist.com,Female,356-192-3030,Indonesia,03-05-2020
97,Kimball,Manie,kmanie2o@geocities.jp,Male,769-903-0823,Indonesia,19-06-1994
98,Durand,Perell,dperell2p@unc.edu,Male,970-528-2511,United States,14-11-1997
99,Greta,Haigh,ghaigh2q@vimeo.com,Female,982-222-7378,Indonesia,28-11-2018
100,Oberon,Worswick,oworswick2r@cnet.com,Male,271-318-8770,Portugal,17-12-2000
101,Martin,Ridesdale,mridesdale2s@mit.edu,Male,868-783-8805,Indonesia,03-12-2014
102,Curcio,Pitherick,cpitherick2t@weather.com,Male,193-522-4872,Brazil,15-02-1998
103,Sherwynd,Slimings,sslimings2u@oaic.gov.au,Male,896-614-9723,Japan,16-01-2003
104,Seumas,Suarez,ssuarez2v@nytimes.com,Bigender,161-927-6373,China,02-04-2020
105,Sisile,Louis,slouis2w@mediafire.com,Female,797-543-2634,Germany,14-08-1995
106,Kilian,Pittam,kpittam2x@blogspot.com,Male,417-162-8247,China,09-07-2007
107,Vivyanne,Ashmore,vashmore2y@xinhuanet.com,Female,474-833-7890,Indonesia,07-06-2009
108,Aksel,Hortop,ahortop2z@ifeng.com,Male,628-650-1193,Russia,01-05-2011
109,Birk,Alves,balves30@devhub.com,Male,140-407-7680,Poland,08-08-1995
110,Lauren,Eliesco,leliesco31@foxnews.com,Male,712-410-7384,China,06-05-1997
111,Eugene,Moyles,emoyles32@qq.com,Male,106-840-2143,China,06-06-1990
112,Karoline,Hourston,khourston33@eepurl.com,Female,544-597-8074,China,14-11-2017
113,Stormi,Crowley,scrowley34@pagesperso-orange.fr,Non-binary,593-837-0502,Sweden,05-11-2019
114,Daria,Zielinski,dzielinski35@google.com.au,Female,770-430-6333,Sweden,13-09-1990
115,Selby,Caveney,scaveney36@sourceforge.net,Male,559-657-6782,China,03-10-2008
116,Cooper,Fanthome,cfanthome37@skype.com,Bigender,196-442-5822,Lesotho,21-02-2002
117,Valentijn,O'Hollegan,vohollegan38@shareasale.com,Male,240-898-3205,Portugal,24-05-2000
118,Bobbe,O'Moylane,bomoylane39@flickr.com,Female,494-769-5268,Malaysia,18-12-2019
119,Erinna,Raeside,eraeside3a@vimeo.com,Female,930-689-9684,Russia,30-01-2019
120,Aili,Saiger,asaiger3b@zimbio.com,Female,312-971-7316,Azerbaijan,12-10-2003
121,Chrotoem,de Chastelain,cdechastelain3c@photobucket.com,Male,482-528-3275,Azerbaijan,08-03-2001
122,Adella,MacCall,amaccall3d@soundcloud.com,Female,292-279-5260,Peru,26-11-2016
123,Leroi,Paulucci,lpaulucci3e@elegantthemes.com,Male,405-412-8795,Philippines,28-08-2005
124,Audrie,Barnhill,abarnhill3f@dropbox.com,Female,384-893-1752,Peru,11-08-1994
125,Oswald,Domenget,odomenget3g@hp.com,Male,786-183-8601,China,29-06-2015
126,Hagen,Blackston,hblackston3h@mayoclinic.com,Male,961-815-3185,Peru,08-11-2016
127,Morris,Ducarne,mducarne3i@trellian.com,Male,632-872-6702,Russia,28-08-2004
128,Aarika,Buddle,abuddle3j@indiatimes.com,Female,565-907-3379,China,24-01-2005
129,Carolann,Bramwell,cbramwell3k@nydailynews.com,Female,725-588-1540,South Africa,22-04-2000
130,Marcela,Spencers,mspencers3l@opensource.org,Female,704-208-3568,Russia,14-04-1997
131,Dulcine,Honatsch,dhonatsch3m@youku.com,Female,807-600-6133,Indonesia,14-10-1991
132,Fons,O'Malley,fomalley3n@craigslist.org,Male,479-805-9539,Falkland Islands,07-12-2004
133,Dimitri,Rasor,drasor3o@live.com,Male,940-105-0350,Brazil,24-11-2007
134,Leanna,Burwood,lburwood3p@sakura.ne.jp,Female,820-936-5324,Russia,21-10-2010
135,Frances,Goady,fgoady3q@chron.com,Female,238-819-4748,Bolivia,10-05-1998
136,Chantal,McCane,cmccane3r@t-online.de,Non-binary,156-235-4088,Canada,04-09-2017
137,Lewie,Harness,lharness3s@webs.com,Male,307-119-8396,China,07-10-1993
138,Blinni,Boughey,bboughey3t@soundcloud.com,Female,731-496-6333,Iran,12-03-2009
139,Arluene,Scad,ascad3u@hugedomains.com,Female,704-954-1777,Croatia,25-01-2007
140,Gareth,Shovel,gshovel3v@xrea.com,Male,130-590-6029,Canada,13-02-2018
141,Horacio,Bremmell,hbremmell3w@ibm.com,Male,615-587-7396,Russia,01-04-2006
142,Georgina,Westcot,gwestcot3x@soup.io,Female,672-832-4301,Brazil,21-10-1998
143,Nari,Chevers,nchevers3y@sina.com.cn,Female,590-495-7146,Poland,25-05-2004
144,Ralina,Hankin,rhankin3z@cdbaby.com,Female,782-472-6317,Argentina,19-03-1991
145,Cybill,Lantaff,clantaff40@sphinn.com,Female,986-596-1507,China,04-04-2014
146,Mac,Warrillow,mwarrillow41@arstechnica.com,Male,930-398-2038,China,27-04-1991
147,Mitch,MacEllen,mmacellen42@newyorker.com,Agender,667-257-7323,Indonesia,14-09-2020
148,Meir,Avramov,mavramov43@aol.com,Male,852-552-1539,Iran,17-10-2020
149,Merrile,Bomb,mbomb44@webs.com,Female,330-945-2042,Slovenia,30-12-2002
150,Bathsheba,Waker,bwaker45@gov.uk,Female,443-765-6334,Brazil,11-05-2011
151,Sunny,Corhard,scorhard46@cloudflare.com,Female,979-558-0634,Japan,06-05-2007
152,Shayna,Rappa,srappa47@elpais.com,Female,543-557-0631,Pakistan,10-05-1991
153,Zita,Duiguid,zduiguid48@yahoo.co.jp,Female,408-208-1473,United States,16-10-2003
154,Franky,Boobier,fboobier49@acquirethisname.com,Male,638-876-8410,Netherlands,28-05-1998
155,Kristos,Gilhooley,kgilhooley4a@livejournal.com,Male,722-149-7198,Honduras,22-09-1997
156,Aubert,Thornally,athornally4b@about.com,Polygender,507-126-2590,Ireland,22-06-2015
157,Lucretia,Ianno,lianno4c@webnode.com,Female,413-558-8244,China,08-09-1998
158,Urban,Whitlow,uwhitlow4d@a8.net,Male,824-377-5383,Georgia,16-08-2009
159,Harold,Rhubottom,hrhubottom4e@wordpress.com,Male,712-108-1850,Vietnam,13-04-1995
160,Catharina,Banville,cbanville4f@gnu.org,Female,280-919-6653,United Kingdom,19-07-2019
161,Clerc,Walework,cwalework4g@fda.gov,Genderfluid,671-845-6387,Thailand,21-08-2016
162,Randi,Tonbye,rtonbye4h@cdc.gov,Female,834-751-3349,Sweden,04-06-2008
163,Louie,Crosscombe,lcrosscombe4i@jiathis.com,Male,895-817-6813,Philippines,21-12-2017
164,Arch,Shortell,ashortell4j@toplist.cz,Male,597-612-1921,China,19-01-2009
165,Leigh,Privost,lprivost4k@phoca.cz,Male,470-507-9762,France,08-01-2013
166,Nicola,Oakenfall,noakenfall4l@goo.ne.jp,Male,315-184-7781,China,06-09-1998
167,Ira,Gresham,igresham4m@harvard.edu,Female,207-643-1381,Japan,16-10-2016
168,Shandie,Slee,sslee4n@sbwire.com,Female,899-707-1382,France,12-08-2013
169,Archambault,Oscroft,aoscroft4o@hibu.com,Male,665-762-3223,Indonesia,19-04-2003
170,Myrwyn,Kiledal,mkiledal4p@cnbc.com,Male,541-932-3537,Brazil,06-02-2000
171,Robinett,Hradsky,rhradsky4q@angelfire.com,Female,477-838-8084,Portugal,29-07-2008
172,Daniel,Duthy,dduthy4r@patch.com,Genderfluid,260-728-3162,China,13-07-2017
173,Daveen,D'Errico,dderrico4s@qq.com,Female,390-851-9424,China,10-08-2015
174,Jaquelyn,Fer,jfer4t@army.mil,Agender,123-414-1211,Indonesia,06-08-2000
175,Anallise,Edgerly,aedgerly4u@seesaa.net,Female,729-168-0784,Morocco,30-12-2020
176,Hilary,Marcroft,hmarcroft4v@disqus.com,Female,295-664-8435,Philippines,13-07-1996
177,Kippar,Butner,kbutner4w@gizmodo.com,Male,919-966-0249,Germany,17-02-1997
178,Brant,Benezeit,bbenezeit4x@4shared.com,Male,343-337-3161,Thailand,25-03-1991
179,Rachele,Bissett,rbissett4y@youtube.com,Female,443-712-9398,Albania,07-02-2020
180,Moishe,Pridham,mpridham4z@japanpost.jp,Genderfluid,444-175-1331,China,13-11-1992
181,Bran,Robbey,brobbey50@scribd.com,Male,506-529-2603,China,22-01-2009
182,Shawn,Ishaki,sishaki51@virginia.edu,Male,116-453-0569,China,17-07-1998
183,Killian,Braunfeld,kbraunfeld52@bbb.org,Male,951-174-3028,Brazil,02-03-2021
184,Ranee,Aartsen,raartsen53@accuweather.com,Female,778-613-8378,Zambia,22-12-2019
185,Trudi,Asple,tasple54@gmpg.org,Female,459-883-4118,Russia,29-03-2005
186,Roderich,Hazeup,rhazeup55@mail.ru,Male,867-356-4923,Nigeria,02-07-2019
187,Monroe,Veevers,mveevers56@homestead.com,Male,851-773-7320,Indonesia,20-09-2009
188,Enriqueta,Costi,ecosti57@timesonline.co.uk,Female,616-217-3402,United States,10-04-1996
189,Patrice,Stadden,pstadden58@java.com,Male,263-503-8911,Albania,10-07-1998
190,Sorcha,Alcock,salcock59@flavors.me,Female,402-919-0798,Peru,01-07-1991
191,Templeton,Foulis,tfoulis5a@newyorker.com,Male,617-126-3288,China,19-10-1994
192,Frans,Sellner,fsellner5b@chicagotribune.com,Male,457-266-9247,Mongolia,23-05-1999
193,Marsha,Tulloch,mtulloch5c@twitpic.com,Genderqueer,360-945-3849,Spain,23-07-1997
194,Annabela,Cadore,acadore5d@fda.gov,Polygender,247-481-2853,Indonesia,11-05-2015
195,Tyrus,Clampin,tclampin5e@mapquest.com,Polygender,368-673-5420,Vietnam,17-04-2003
196,Rheta,Crownshaw,rcrownshaw5f@live.com,Female,161-755-7217,Poland,31-10-2018
197,Georgy,Nutkin,gnutkin5g@zdnet.com,Male,831-137-5214,China,19-09-2011
198,Jakob,Attwoull,jattwoull5h@walmart.com,Male,131-454-3150,Tajikistan,17-12-1990
199,Lilla,Sackes,lsackes5i@alexa.com,Bigender,547-789-2293,Portugal,01-02-2003
200,Charmine,Tremmil,ctremmil5j@cbsnews.com,Female,357-848-5216,Philippines,13-06-1995
201,Maribelle,Ledington,mledington5k@wordpress.com,Female,406-787-2333,Tunisia,07-01-2017
202,Tyrus,Alvaro,talvaro5l@uiuc.edu,Male,541-383-8391,Greece,15-12-2020
203,Kariotta,Gothliff,kgothliff5m@nih.gov,Female,697-515-5872,Argentina,09-06-2013
204,Dre,Willey,dwilley5n@ocn.ne.jp,Female,534-493-3593,Russia,23-11-2013
205,Steffane,Silburn,ssilburn5o@ucla.edu,Female,539-886-9020,Poland,01-01-2014
206,Olga,Klimowicz,oklimowicz5p@eventbrite.com,Female,187-678-2929,Ireland,12-07-1997
207,Edward,Heater,eheater5q@lulu.com,Male,480-172-3779,China,29-04-2014
208,Felisha,Garn,fgarn5r@posterous.com,Female,114-800-4183,Sweden,08-11-2008
209,Maryrose,Dicky,mdicky5s@shutterfly.com,Female,723-201-6587,Poland,11-12-2010
210,Connie,Wayon,cwayon5t@berkeley.edu,Female,209-966-8745,Bosnia and Herzegovina,12-08-2010
211,Olga,Fynes,ofynes5u@indiatimes.com,Female,500-934-4159,Indonesia,08-05-2006
212,Waylin,Rainford,wrainford5v@harvard.edu,Male,104-662-1015,Cameroon,16-08-2009
213,Aksel,Glanfield,aglanfield5w@zimbio.com,Agender,216-886-7151,Germany,06-09-2020
214,Maryanne,Rothschild,mrothschild5x@arstechnica.com,Female,896-204-6368,Uganda,01-04-2012
215,Ivor,Miall,imiall5y@auda.org.au,Male,115-804-2082,Mozambique,16-06-2004
216,Veronique,Perrycost,vperrycost5z@flickr.com,Female,753-511-5132,China,07-11-1994
217,Nathanial,Capstake,ncapstake60@timesonline.co.uk,Male,669-660-3009,Nigeria,09-12-2002
218,Obadiah,Halley,ohalley61@smugmug.com,Male,999-374-9848,Indonesia,10-09-2021
219,Wald,Golling,wgolling62@uiuc.edu,Male,363-663-1366,Greece,21-04-2012
220,Gannon,Shaddock,gshaddock63@myspace.com,Non-binary,792-725-9777,Moldova,17-01-1991
221,Luciano,Eltringham,leltringham64@icq.com,Male,575-639-5637,Poland,01-10-2002
222,Gustavo,Skpsey,gskpsey65@hao123.com,Male,463-937-3761,Mongolia,16-10-2008
223,Beverlee,Sandaver,bsandaver66@clickbank.net,Female,309-941-9020,Sweden,30-08-1999
224,Jan,Gisburn,jgisburn67@google.com.au,Male,970-749-2429,France,26-04-1995
225,Kettie,Lewisham,klewisham68@bbb.org,Female,191-587-7069,Iran,15-01-2000
226,Ive,Deller,ideller69@fotki.com,Male,605-797-4121,Pakistan,03-06-1992
227,Svend,Hackwell,shackwell6a@chron.com,Male,481-772-3310,Vietnam,11-07-2012
228,Rockwell,Toft,rtoft6b@redcross.org,Male,525-316-2022,Portugal,07-03-1991
229,Klaus,Lowson,klowson6c@nature.com,Male,947-872-4371,China,13-05-1997
230,Lily,Josifovitz,ljosifovitz6d@skyrock.com,Non-binary,781-113-5073,Poland,23-02-2000
231,Bron,Schneider,bschneider6e@geocities.com,Male,761-921-5730,China,13-12-2007
232,Chen,Tabor,ctabor6f@engadget.com,Male,891-435-7131,China,20-06-1992
233,Lucilia,Agate,lagate6g@sun.com,Female,994-118-8357,China,10-01-1995
234,Berte,Tibbs,btibbs6h@weather.com,Female,356-955-0302,China,05-11-2013
235,Luella,Backshaw,lbackshaw6i@bigcartel.com,Female,989-874-0324,Russia,03-05-2001
236,Wynn,Littleover,wlittleover6j@ihg.com,Polygender,780-650-4576,Thailand,22-10-2009
237,Elianore,Tremmel,etremmel6k@skype.com,Female,561-573-2620,France,18-02-2003
238,Osbert,Veregan,overegan6l@howstuffworks.com,Male,293-823-6717,Mongolia,25-05-2020
239,Sheena,Fruchter,sfruchter6m@cbslocal.com,Non-binary,562-927-4523,Philippines,15-02-1994
240,Byron,Butchard,bbutchard6n@reference.com,Male,495-553-6236,Vietnam,14-10-2021
241,Michel,Peers,mpeers6o@hostgator.com,Male,778-255-2303,Yemen,12-04-2013
242,Darb,Lippi,dlippi6p@devhub.com,Male,337-473-1727,China,09-04-2013
243,Joelly,Fleckness,jfleckness6q@artisteer.com,Female,702-727-4959,Russia,29-06-2020
244,Alfi,Kemster,akemster6r@pen.io,Female,792-716-0941,Thailand,08-01-2001
245,Omar,McIlwraith,omcilwraith6s@cyberchimps.com,Male,931-240-8767,Indonesia,08-06-2005
246,Mannie,Greenhaugh,mgreenhaugh6t@mozilla.com,Male,154-393-6323,China,04-09-1998
247,Hogan,O'Lahy,holahy6u@cbslocal.com,Male,183-666-6642,Philippines,11-02-2004
248,Con,Bascombe,cbascombe6v@tinyurl.com,Male,232-204-6166,Colombia,22-06-2004
249,Claudetta,Hallowes,challowes6w@shareasale.com,Non-binary,165-942-7705,Japan,04-06-1995
250,Gordon,Greser,ggreser6x@reference.com,Male,268-483-4880,Philippines,14-12-2001
251,Cly,Durnan,cdurnan6y@imgur.com,Male,214-743-7019,United States,29-06-1999
252,Bertram,Albrooke,balbrooke6z@printfriendly.com,Male,240-660-9166,United States,08-02-2004
253,Florian,Tuckie,ftuckie70@marketwatch.com,Male,692-621-2826,Finland,04-11-1990
254,Adolpho,Purveys,apurveys71@hexun.com,Male,137-904-9837,Japan,19-07-1996
255,Gav,Pippin,gpippin72@surveymonkey.com,Male,575-793-2194,Serbia,05-08-1998
256,Catherina,Malicki,cmalicki73@google.pl,Female,734-456-4150,Indonesia,11-05-2004
257,Rance,Traill,rtraill74@unicef.org,Male,563-521-7455,Brazil,11-06-2001
258,Lolita,Abbs,labbs75@rediff.com,Female,484-864-7383,Portugal,08-02-2002
259,Winfield,Brugger,wbrugger76@fotki.com,Male,635-690-8188,Georgia,07-09-1995
260,Elly,Trazzi,etrazzi77@huffingtonpost.com,Female,484-244-8600,Canada,18-04-2014
261,Crysta,Kobierski,ckobierski78@omniture.com,Female,523-613-7176,Guatemala,11-03-1995
262,Pietra,Ridett,pridett79@theguardian.com,Female,973-757-6955,Canada,14-11-2020
263,Richy,Ganter,rganter7a@chronoengine.com,Male,429-927-4857,Sweden,25-07-1998
264,Caryl,Bardnam,cbardnam7b@devhub.com,Male,200-923-6305,Sweden,23-01-2000
265,Marget,Onn,monn7c@baidu.com,Female,695-251-8854,China,12-01-2016
266,Kameko,Bulluck,kbulluck7d@photobucket.com,Female,904-545-0936,Afghanistan,10-10-1994
267,Karyn,Ather,kather7e@nature.com,Female,110-169-8585,Jordan,30-07-1993
268,Hillie,Jessup,hjessup7f@technorati.com,Male,220-891-2026,Japan,15-04-1996
269,Kacy,Tomsett,ktomsett7g@amazon.com,Female,885-301-8615,Brazil,11-05-2008
270,Ardra,Huie,ahuie7h@list-manage.com,Female,858-412-3456,Bhutan,06-07-2021
271,Chan,Freyn,cfreyn7i@tripod.com,Male,308-345-5126,Honduras,13-02-2003
272,Sergei,Piris,spiris7j@berkeley.edu,Male,906-762-7422,China,31-03-1996
273,Clayborn,Bentjens,cbentjens7k@nhs.uk,Male,432-276-4674,Uzbekistan,08-01-2018
274,Sonni,Gyves,sgyves7l@java.com,Female,561-522-0447,Cuba,07-06-2009
275,Marybelle,Kloska,mkloska7m@wsj.com,Female,104-745-2578,South Africa,23-10-2008
276,Rand,Petrillo,rpetrillo7n@ucla.edu,Male,559-670-0276,Mozambique,15-04-2017
277,Irma,Klesse,iklesse7o@a8.net,Female,531-742-6506,Colombia,16-06-2008
278,Abram,McGlew,amcglew7p@businessweek.com,Male,136-681-8355,China,18-04-2000
279,Aldric,Bromont,abromont7q@blogger.com,Male,270-642-1006,Philippines,28-02-2006
280,Betty,Craighall,bcraighall7r@walmart.com,Female,250-326-7527,Portugal,15-07-1992
281,Ruggiero,Twidell,rtwidell7s@weibo.com,Male,707-213-8127,Ivory Coast,17-09-1994
282,Kalila,Metzke,kmetzke7t@list-manage.com,Female,988-184-9540,Tanzania,18-02-1997
283,Torrence,Guillard,tguillard7u@acquirethisname.com,Male,865-411-1598,United States,31-10-2009
284,Mirabelle,Bonder,mbonder7v@wix.com,Female,550-281-0512,China,31-08-1990
285,Edgardo,Guillou,eguillou7w@blinklist.com,Male,916-339-4665,Laos,18-12-2013
286,Flinn,Connerly,fconnerly7x@unicef.org,Male,273-946-2623,Brazil,03-12-2019
287,Faber,Salmond,fsalmond7y@huffingtonpost.com,Male,482-102-6827,Burundi,30-03-2018
288,Mercy,Fairburne,mfairburne7z@theguardian.com,Female,155-580-3491,China,07-06-2021
289,Ana,Ruthven,aruthven80@google.es,Female,383-582-0300,South Africa,22-10-1997
290,Maitilde,Heustice,mheustice81@hatena.ne.jp,Female,515-444-1747,Thailand,30-11-1999
291,Corine,Bolletti,cbolletti82@jigsy.com,Female,829-523-9417,Indonesia,17-09-1994
292,Torry,Seagar,tseagar83@hao123.com,Male,947-960-1537,China,28-11-2004
293,Xymenes,Mamwell,xmamwell84@intel.com,Male,239-416-0282,Sweden,22-03-2003
294,Zeb,Tewes,ztewes85@parallels.com,Male,543-246-0684,China,04-01-2012
295,Libbi,Kyttor,lkyttor86@tripod.com,Female,812-871-3590,Brazil,29-01-2011
296,Zaneta,Yorke,zyorke87@stumbleupon.com,Bigender,862-820-7674,China,30-07-2005
297,Meredith,Staines,mstaines88@washingtonpost.com,Female,180-399-6530,Poland,03-01-2017
298,Syd,Saddler,ssaddler89@reddit.com,Non-binary,446-533-7492,Greece,29-01-2022
299,Kinny,Reckhouse,kreckhouse8a@thetimes.co.uk,Male,704-669-2945,Mongolia,09-06-2020
300,Marget,Wilmot,mwilmot8b@telegraph.co.uk,Female,887-337-6732,China,03-09-2021
301,Francklin,Barenskie,fbarenskie8c@fastcompany.com,Male,602-555-8524,Russia,10-12-2003
302,Grata,Bansal,gbansal8d@ehow.com,Female,128-564-6279,Aland Islands,07-01-2017
303,Brooks,Headington,bheadington8e@theatlantic.com,Male,738-885-5371,Indonesia,29-04-1992
304,Sascha,Cornfoot,scornfoot8f@wp.com,Female,427-351-0327,Brazil,13-11-2021
305,Leonora,Sibille,lsibille8g@theatlantic.com,Female,925-584-0848,Portugal,15-04-1990
306,Carol-jean,Pedder,cpedder8h@youku.com,Female,116-532-9296,Sao Tome and Principe,21-04-2001
307,Otes,Hammonds,ohammonds8i@networkadvertising.org,Male,318-309-4799,United States,21-03-2011
308,Antonio,Leachman,aleachman8j@auda.org.au,Male,632-507-3533,Brazil,16-06-2012
309,Padgett,Fanner,pfanner8k@biglobe.ne.jp,Male,425-477-1576,China,16-10-2000
310,Rea,Saunder,rsaunder8l@usa.gov,Female,490-760-0450,Russia,02-03-2012
311,Courtnay,Reuter,creuter8m@thetimes.co.uk,Male,919-188-2511,China,28-11-2018
312,Bertine,Ridewood,bridewood8n@ameblo.jp,Female,896-513-3684,Indonesia,23-08-2010
313,Fredia,Pettiward,fpettiward8o@senate.gov,Female,805-550-6595,Russia,28-06-1998
314,Ginger,Schelle,gschelle8p@stumbleupon.com,Male,637-887-9454,Russia,26-02-1995
315,Briana,Bebbell,bbebbell8q@squarespace.com,Female,852-913-0273,Brazil,29-07-1996
316,Emily,Leonarde,eleonarde8r@globo.com,Female,888-563-3997,Indonesia,15-04-2009
317,Hephzibah,Littrell,hlittrell8s@yandex.ru,Female,906-529-9811,Colombia,25-11-1995
318,Shirlee,Tansley,stansley8t@1und1.de,Female,483-324-3344,Indonesia,18-07-2008
319,Krissy,Bockmann,kbockmann8u@bravesites.com,Female,301-322-2753,Kazakhstan,16-11-2014
320,Ree,Trattles,rtrattles8v@biglobe.ne.jp,Female,317-819-2297,Indonesia,02-02-2019
321,Sibylla,McRavey,smcravey8w@hibu.com,Female,370-479-7678,Hungary,20-01-2018
322,Tandie,Greneham,tgreneham8x@cyberchimps.com,Female,624-198-1226,Philippines,02-10-2007
323,Elmira,Penhale,epenhale8y@bing.com,Female,843-894-8195,Zambia,29-11-1991
324,Ruthi,Norssister,rnorssister8z@ucsd.edu,Female,343-610-1147,Indonesia,16-07-1996
325,Franklin,McDiarmid,fmcdiarmid90@fotki.com,Male,734-164-9135,Belgium,20-08-2019
326,Chiquia,Waith,cwaith91@hud.gov,Genderqueer,295-381-9446,Argentina,22-09-2006
327,Griffin,Cornford,gcornford92@opera.com,Polygender,602-130-4416,Indonesia,09-10-1992
328,Pietrek,Dedham,pdedham93@reverbnation.com,Male,544-243-5960,Indonesia,02-05-2002
329,Ninon,Phittiplace,nphittiplace94@facebook.com,Female,661-490-2085,China,01-01-1993
330,Kiah,Meedendorpe,kmeedendorpe95@multiply.com,Female,456-275-1773,Austria,29-05-2017
331,Caryl,Hryncewicz,chryncewicz96@mit.edu,Female,801-713-2994,Ukraine,14-03-1994
332,Alena,Malthus,amalthus97@samsung.com,Female,544-606-2666,China,30-01-2001
333,Rebecka,Balding,rbalding98@ibm.com,Female,510-494-7329,China,13-10-1990
334,Sibylla,Buckoke,sbuckoke99@stanford.edu,Female,216-838-8128,Czech Republic,17-11-2008
335,Lilah,Rentz,lrentz9a@123-reg.co.uk,Female,864-606-9350,China,19-12-2020
336,Georgetta,Iacomini,giacomini9b@spotify.com,Female,245-932-9165,Indonesia,15-01-2019
337,Joy,Bellany,jbellany9c@nih.gov,Female,396-344-2213,Portugal,18-04-2000
338,Mozes,Edlyne,medlyne9d@eepurl.com,Male,180-854-7508,China,01-10-2013
339,Wildon,Plewes,wplewes9e@naver.com,Male,265-630-4578,Portugal,03-06-2013
340,Wrennie,Bateman,wbateman9f@tripadvisor.com,Female,844-971-8890,Brazil,31-07-2001
341,Bennie,Godfrey,bgodfrey9g@yahoo.com,Female,416-597-2857,Sweden,22-05-2013
342,Waverly,Grosvener,wgrosvener9h@exblog.jp,Male,285-753-6523,China,13-08-2015
343,Meggi,Stoffel,mstoffel9i@creativecommons.org,Female,212-965-0195,Philippines,06-09-2008
344,Web,Nials,wnials9j@seesaa.net,Male,417-665-7238,Nepal,27-04-1998
345,Karol,Ellerby,kellerby9k@salon.com,Genderqueer,181-262-5719,Sweden,09-02-1996
346,Pauly,Mityushkin,pmityushkin9l@meetup.com,Agender,251-865-7968,France,17-08-1992
347,Joann,Aspel,jaspel9m@imageshack.us,Female,797-327-1242,Venezuela,10-11-1991
348,Alisa,Gaither,agaither9n@seesaa.net,Female,821-958-8665,Argentina,28-02-2006
349,Celestyn,Strover,cstrover9o@prnewswire.com,Non-binary,963-376-5442,Senegal,04-11-2011
350,Murdock,Aiston,maiston9p@sbwire.com,Male,747-867-5659,Indonesia,12-11-2009
351,Ulla,Rocks,urocks9q@yale.edu,Polygender,235-514-6933,Armenia,20-12-2001
352,Rafaello,Rouchy,rrouchy9r@hhs.gov,Bigender,325-868-4484,United States,27-02-1995
353,Tonye,Corley,tcorley9s@europa.eu,Genderqueer,819-558-3263,Afghanistan,13-10-2000
354,Cathlene,Caw,ccaw9t@google.com,Female,778-397-3520,Czech Republic,24-05-2005
355,Corrie,enzley,cenzley9u@shareasale.com,Male,310-607-4261,Philippines,21-09-2019
356,Napoleon,Lugton,nlugton9v@163.com,Genderfluid,579-792-7004,South Sudan,19-07-2015
357,Essy,Reisk,ereisk9w@dot.gov,Female,936-117-6982,Ukraine,07-02-2008
358,Rey,Flood,rflood9x@ocn.ne.jp,Male,476-902-3534,Philippines,07-10-2011
359,Demetria,Sedgwick,dsedgwick9y@hao123.com,Female,158-513-7040,China,30-03-2005
360,Rheta,Salvage,rsalvage9z@uiuc.edu,Female,338-180-5071,South Korea,11-02-2010
361,Emmett,Challice,echallicea0@storify.com,Male,315-169-7168,Greece,21-09-2001
362,Dix,Calderhead,dcalderheada1@acquirethisname.com,Female,140-336-6471,Australia,12-07-2003
363,Vania,Craythorn,vcraythorna2@vistaprint.com,Female,151-650-6741,Thailand,02-08-2008
364,Myra,Pirouet,mpiroueta3@chicagotribune.com,Female,517-317-8464,Philippines,05-04-2017
365,Anatol,Kinze,akinzea4@virginia.edu,Male,824-103-7095,Brazil,18-09-2016
366,Isidore,Bezants,ibezantsa5@mapy.cz,Male,329-528-5346,Thailand,19-08-2011
367,Saree,Bolletti,sbollettia6@i2i.jp,Female,904-400-5419,Canada,27-08-2012
368,Salim,Lelievre,slelievrea7@phoca.cz,Male,986-365-8030,Russia,02-04-2019
369,Culley,Malyon,cmalyona8@github.com,Male,526-514-5137,Norway,10-01-2007
370,Baxie,Licciardi,blicciardia9@arizona.edu,Male,397-674-1596,Nigeria,18-03-2021
371,Sig,Longworthy,slongworthyaa@tamu.edu,Male,858-175-1002,France,06-04-2005
372,Any,Comford,acomfordab@reuters.com,Male,912-297-0025,Brazil,30-03-2011
373,Devonna,Benedek,dbenedekac@msn.com,Female,985-384-8964,Ukraine,29-03-1996
374,Burton,Whorton,bwhortonad@ovh.net,Agender,762-161-2420,Ukraine,23-10-1996
375,Sig,Wilshin,swilshinae@networksolutions.com,Male,150-608-1353,Tanzania,18-06-2020
376,Rhoda,Dawkins,rdawkinsaf@amazon.co.uk,Female,911-355-6577,Slovenia,16-07-2005
377,Alene,Fisher,afisherag@hhs.gov,Female,912-844-1133,China,07-09-1995
378,Elie,Missen,emissenah@nhs.uk,Female,501-541-8158,Finland,24-04-1997
379,Emmi,Widocks,ewidocksai@ft.com,Female,496-126-4866,Poland,24-12-1993
380,Jana,Jessett,jjessettaj@amazon.co.uk,Female,651-939-3093,Colombia,25-11-2011
381,Wilbert,Rakes,wrakesak@blinklist.com,Male,682-931-6687,France,01-09-1992
382,Genvieve,Bisco,gbiscoal@ucoz.com,Female,823-182-6498,China,30-11-1997
383,Jany,Meaney,jmeaneyam@themeforest.net,Bigender,450-512-5682,Philippines,20-10-2002
384,Mair,Fernihough,mfernihoughan@multiply.com,Female,247-122-2857,Indonesia,04-02-1997
385,Tove,Bonehill,tbonehillao@hp.com,Female,531-851-8112,Albania,04-07-2000
386,Hyacinthia,Sturney,hsturneyap@house.gov,Female,668-661-0697,Senegal,07-11-2016
387,Rowland,Slad,rsladaq@chicagotribune.com,Male,146-101-4882,Ireland,28-09-2012
388,Alonzo,Persent,apersentar@hibu.com,Male,961-818-1431,Russia,29-08-1994
389,Linc,Godridge,lgodridgeas@hc360.com,Male,406-962-4087,United States,18-10-2009
390,Rabbi,Cammocke,rcammockeat@imgur.com,Male,773-564-1703,Thailand,23-04-2015
391,Selene,Corness,scornessau@w3.org,Female,782-942-2179,China,22-05-2019
392,Payton,Hedan,phedanav@dailymotion.com,Agender,722-798-5478,Kazakhstan,28-03-2008
393,Giorgia,Baldry,gbaldryaw@ucsd.edu,Female,710-170-8786,Malaysia,07-05-2005
394,Connie,Mattacks,cmattacksax@google.ca,Female,428-887-7459,Colombia,09-09-2007
395,Quill,Davidovicz,qdavidoviczay@businesswire.com,Male,452-827-9504,China,27-11-1998
396,Vi,Galbraeth,vgalbraethaz@ustream.tv,Female,386-498-4742,Poland,30-01-1996
397,Clementia,Barwick,cbarwickb0@issuu.com,Genderqueer,641-360-4646,Argentina,12-05-2016
398,Adore,Gartell,agartellb1@boston.com,Female,266-789-0641,Indonesia,10-09-1994
399,Milicent,Cullerne,mcullerneb2@photobucket.com,Female,703-297-8367,China,30-01-1995
400,Pippa,Cousin,pcousinb3@miitbeian.gov.cn,Genderqueer,783-807-4287,Pakistan,16-11-2006
401,Marin,Pauer,mpauerb4@plala.or.jp,Female,436-231-5658,Tanzania,08-04-1991
402,Gabi,Downse,gdownseb5@patch.com,Male,868-386-0089,Portugal,24-02-2012
403,Chad,Freer,cfreerb6@ed.gov,Male,908-655-4059,Philippines,25-04-1998
404,Kelsi,Smalecombe,ksmalecombeb7@so-net.ne.jp,Female,267-244-8745,Indonesia,25-11-1998
405,Larissa,Rubes,lrubesb8@harvard.edu,Genderfluid,244-100-8994,China,03-11-2005
406,Octavia,Oag,ooagb9@seesaa.net,Female,115-977-0042,Philippines,18-06-2008
407,Efrem,Hawtrey,ehawtreyba@java.com,Male,157-983-6431,Indonesia,06-09-2012
408,Rod,MacCombe,rmaccombebb@spiegel.de,Male,558-905-8163,Peru,02-02-2010
409,Neilla,Snalum,nsnalumbc@msu.edu,Female,521-870-5496,Tajikistan,09-02-1998
410,Justis,Stanistreet,jstanistreetbd@tripadvisor.com,Male,982-226-8716,Brazil,19-07-1994
411,Krishnah,Allibon,kallibonbe@un.org,Male,739-129-5719,Indonesia,11-06-2002
412,Nata,Ruspine,nruspinebf@miibeian.gov.cn,Female,377-802-7642,Brazil,17-01-2014
413,Antoinette,Pharro,apharrobg@admin.ch,Female,428-141-4223,Russia,07-02-1991
414,Karilynn,Vousden,kvousdenbh@wikia.com,Female,786-570-7127,Cameroon,28-02-1993
415,Thaxter,Sisnett,tsisnettbi@hp.com,Male,775-840-7859,United States,01-12-2016
416,Bibbie,Few,bfewbj@comsenz.com,Female,525-753-6127,Armenia,24-06-1995
417,Hilly,Saich,hsaichbk@cocolog-nifty.com,Non-binary,497-681-3428,France,04-02-2016
418,Dulcia,McIlheran,dmcilheranbl@netscape.com,Bigender,472-980-8295,Burkina Faso,26-10-2021
419,Maje,Astles,mastlesbm@nyu.edu,Male,549-914-1929,China,26-06-2008
420,Goddard,Cuttell,gcuttellbn@engadget.com,Male,223-216-5429,Sweden,17-09-2014
421,Jackelyn,Vondruska,jvondruskabo@furl.net,Genderfluid,138-458-6249,Indonesia,07-01-1998
422,Roxana,Aish,raishbp@dmoz.org,Female,209-548-8501,China,05-07-2004
423,Rubetta,Aireton,rairetonbq@blog.com,Female,499-665-5526,China,08-04-2000
424,Eugenio,Aymeric,eaymericbr@sourceforge.net,Male,412-133-3064,Brazil,01-05-2004
425,Doralynn,Yushin,dyushinbs@youku.com,Female,544-783-5127,Poland,16-10-2006
426,Ole,Caesman,ocaesmanbt@ftc.gov,Male,674-295-1248,Peru,19-05-1998
427,Rina,Vawton,rvawtonbu@bandcamp.com,Female,182-942-4676,Indonesia,17-12-1998
428,Eleanor,Askie,easkiebv@chron.com,Female,940-283-9063,Ukraine,03-01-2006
429,Parsifal,Jellett,pjellettbw@smh.com.au,Agender,514-150-6499,China,06-03-2005
430,Marjory,Josifovic,mjosifovicbx@illinois.edu,Female,579-880-4831,China,24-01-1999
431,Abigael,Hoodless,ahoodlessby@spiegel.de,Female,307-759-3629,Canada,25-09-1993
432,Jourdan,Liddle,jliddlebz@adobe.com,Female,277-848-2881,Japan,18-04-2004
433,Cordy,Randalson,crandalsonc0@bandcamp.com,Male,953-224-8072,China,10-05-1997
434,Percival,Cello,pcelloc1@oaic.gov.au,Male,776-903-3217,Argentina,26-11-2017
435,Clarissa,Stansbie,cstansbiec2@nih.gov,Female,107-486-8131,Thailand,03-07-2010
436,Wallis,Gregoletti,wgregolettic3@webs.com,Male,665-481-3922,France,28-03-1991
437,Winfield,Licence,wlicencec4@ask.com,Male,396-311-9634,Brazil,07-11-2000
438,Lou,De Winton,ldewintonc5@issuu.com,Female,827-836-6391,China,02-02-2010
439,Natale,Rodway,nrodwayc6@statcounter.com,Male,197-923-7297,Philippines,24-02-2014
440,Kristina,Woodrow,kwoodrowc7@ox.ac.uk,Female,977-679-4675,China,27-12-2020
441,Eberhard,Brough,ebroughc8@creativecommons.org,Male,985-752-6706,Indonesia,22-02-1998
442,Jakob,Hanscomb,jhanscombc9@bloglines.com,Male,115-648-0123,Tanzania,16-07-2007
443,Charlotta,Romanin,cromaninca@oracle.com,Female,586-702-3870,France,02-05-1994
444,Jourdain,Soltan,jsoltancb@reuters.com,Male,847-498-3098,China,14-01-2003
445,Job,Adrien,jadriencc@seattletimes.com,Male,891-882-0223,Sweden,03-01-1998
446,Peder,Allenson,pallensoncd@unicef.org,Male,613-766-9887,Marshall Islands,04-10-2014
447,Orella,Housego,ohousegoce@salon.com,Female,291-326-1469,Russia,30-10-2001
448,Ethan,McKeeman,emckeemancf@merriam-webster.com,Male,932-691-8780,Poland,03-10-2003
449,Domeniga,Mancell,dmancellcg@accuweather.com,Female,697-722-1275,Czech Republic,08-03-1991
450,Padgett,Brudenell,pbrudenellch@reddit.com,Male,147-994-2763,Iceland,14-12-2009
451,Dedra,Bickardike,dbickardikeci@wikimedia.org,Female,591-626-5988,Dominican Republic,29-10-2015
452,Florinda,Denacamp,fdenacampcj@hibu.com,Female,913-664-5808,United States,20-01-2010
453,Mal,Ousbie,mousbieck@reverbnation.com,Male,859-712-0612,Brazil,26-09-2016
454,Julina,Troughton,jtroughtoncl@yandex.ru,Female,936-532-3141,Zimbabwe,12-02-2013
455,Donall,Campo,dcampocm@netscape.com,Male,634-443-7245,Lithuania,06-10-1999
456,Sophronia,Mallinson,smallinsoncn@netscape.com,Female,206-823-4377,Italy,15-03-2016
457,Dion,Craddock,dcraddockco@npr.org,Male,280-200-9092,China,20-05-2021
458,Shirline,Bramley,sbramleycp@mozilla.org,Female,483-195-0292,Russia,28-12-2013
459,Nicol,Lockhart,nlockhartcq@usgs.gov,Female,363-729-8528,China,24-12-2007
460,Ruthanne,Pleven,rplevencr@tripod.com,Female,746-727-5629,Philippines,17-08-1998
461,Gilbertine,Linney,glinneycs@pinterest.com,Female,267-347-9941,China,06-05-1997
462,Codi,Varley,cvarleyct@independent.co.uk,Male,792-830-4589,Thailand,01-06-2007
463,Elinore,Bavage,ebavagecu@pbs.org,Female,314-185-7063,Czech Republic,14-11-1998
464,Clo,Naismith,cnaismithcv@jalbum.net,Female,474-403-1185,Ukraine,29-07-2014
465,Gherardo,Gatecliff,ggatecliffcw@blogspot.com,Male,690-838-2168,Poland,21-12-2007
466,Dermot,Adamowitz,dadamowitzcx@amazon.com,Male,723-338-1914,Indonesia,07-03-2022
467,Monroe,Stit,mstitcy@cargocollective.com,Male,375-609-7386,Nepal,29-04-2012
468,Kimbra,Figurski,kfigurskicz@google.fr,Female,171-514-0140,Indonesia,09-07-1990
469,Niven,Annes,nannesd0@sciencedaily.com,Male,498-983-9653,Israel,04-05-1999
470,Alfy,Gissing,agissingd1@xrea.com,Female,429-862-7332,Indonesia,19-03-2005
471,Llywellyn,Melia,lmeliad2@nhs.uk,Male,939-712-7725,Philippines,20-01-1996
472,Maure,Shankland,mshanklandd3@acquirethisname.com,Female,622-867-2558,Indonesia,04-01-2014
473,Rikki,Sainthill,rsainthilld4@zdnet.com,Female,625-545-2291,Indonesia,07-08-2014
474,Faustine,Mattingly,fmattinglyd5@dmoz.org,Female,878-533-5156,Serbia,15-06-2015
475,Daisie,Hullot,dhullotd6@photobucket.com,Female,487-253-2828,Iceland,17-06-1992
476,Adrien,O'Keefe,aokeefed7@blogspot.com,Male,577-121-2868,Thailand,03-07-1990
477,Janna,MacNockater,jmacnockaterd8@tiny.cc,Female,262-207-6924,Indonesia,27-04-2001
478,Rozele,Eouzan,reouzand9@cocolog-nifty.com,Female,647-216-3862,China,05-09-1995
479,Jodi,Trowel,jtrowelda@ucoz.com,Female,573-427-7082,Indonesia,04-01-2001
480,Barclay,Branca,bbrancadb@bing.com,Male,592-389-3331,Brazil,26-09-2010
481,Horatio,McEvay,hmcevaydc@telegraph.co.uk,Male,504-443-4110,Venezuela,01-03-2020
482,Rosanna,O'Gormally,rogormallydd@google.com.br,Female,550-761-3765,Brazil,19-05-2017
483,Wenonah,Pree,wpreede@economist.com,Female,450-532-9334,Portugal,25-05-2014
484,Grange,Gate,ggatedf@vimeo.com,Male,787-403-6496,Russia,01-09-2016
485,Pace,Ragot,pragotdg@unesco.org,Agender,737-461-2480,Canada,01-12-2017
486,Merridie,Chessell,mchesselldh@webmd.com,Female,413-792-2510,Madagascar,05-08-2014
487,Conchita,Espinho,cespinhodi@phoca.cz,Female,248-789-9370,Indonesia,10-12-2013
488,Cassaundra,Spier,cspierdj@ucsd.edu,Female,433-638-5909,China,06-05-2007
489,Dareen,Winn,dwinndk@youtu.be,Female,521-845-9630,Malaysia,02-02-1993
490,Chic,Echalie,cechaliedl@com.com,Male,464-418-8850,Luxembourg,29-05-2017
491,Pamelina,Talks,ptalksdm@google.ca,Female,742-409-3799,Indonesia,09-02-2002
492,Vladimir,Bremen,vbremendn@intel.com,Male,581-102-8326,Cyprus,17-06-2005
493,Moore,Keemer,mkeemerdo@squidoo.com,Male,684-271-1436,Colombia,21-03-2019
494,Isabelita,Hauger,ihaugerdp@adobe.com,Female,817-165-4973,China,22-12-2000
495,Ellis,McTrustie,emctrustiedq@weather.com,Male,912-714-3598,China,26-06-2004
496,Chrissie,Scawton,cscawtondr@yellowpages.com,Male,995-475-9250,Colombia,12-07-2003
497,Beverley,Neesham,bneeshamds@timesonline.co.uk,Female,764-506-7280,Madagascar,02-01-1996
498,Verge,Buxsey,vbuxseydt@oakley.com,Male,744-429-0065,Indonesia,27-03-2013
499,Edd,Bartalin,ebartalindu@nature.com,Male,217-758-1301,Burkina Faso,03-05-2008
500,Alessandra,Withey,awitheydv@amazon.co.jp,Female,952-718-3758,Uganda,02-05-2014
501,Tally,Ruse,trusedw@toplist.cz,Male,970-304-3791,Armenia,14-07-2015
502,Esme,Fliege,efliegedx@unicef.org,Female,267-254-8772,New Zealand,16-10-2019
503,Vallie,Tassaker,vtassakerdy@admin.ch,Female,814-552-1543,Brazil,17-08-2019
504,Anett,Hedger,ahedgerdz@engadget.com,Female,627-405-5538,China,21-12-2000
505,Hestia,Casine,hcasinee0@aboutads.info,Female,568-513-7192,Costa Rica,25-10-1999
506,Gabie,Dungee,gdungeee1@si.edu,Female,581-212-8874,China,16-11-2005
507,Brandon,Rawdall,brawdalle2@auda.org.au,Male,527-796-2748,China,06-06-2001
508,Lisle,Olliar,lolliare3@disqus.com,Male,573-613-4047,United States,22-12-2013
509,Hiram,Reen,hreene4@japanpost.jp,Male,370-498-4530,Russia,31-07-2007
510,Brnaba,Chazerand,bchazerande5@indiegogo.com,Male,434-668-3764,Serbia,12-02-2000
511,Diarmid,Gras,dgrase6@jugem.jp,Male,142-582-4011,France,18-07-2014
512,Marylou,Aneley,maneleye7@nhs.uk,Female,338-410-1750,Indonesia,02-06-2015
513,Beverlie,Achrameev,bachrameeve8@boston.com,Female,258-965-5323,Serbia,18-04-2002
514,Hansiain,Danielsson,hdanielssone9@ustream.tv,Male,779-550-6462,Philippines,26-11-1995
515,Emerson,Orrin,eorrinea@wikispaces.com,Male,403-601-7090,Brazil,27-02-2017
516,Aura,Danilovitch,adanilovitcheb@nbcnews.com,Female,406-584-4030,Vietnam,21-08-1990
517,Umeko,Hudleston,uhudlestonec@oaic.gov.au,Female,106-958-5236,China,23-07-2012
518,Maggi,Chippendale,mchippendaleed@illinois.edu,Female,761-951-4799,Russia,20-01-2020
519,Butch,Rubenfeld,brubenfeldee@163.com,Male,455-327-4853,Indonesia,14-12-1996
520,Tobey,Desborough,tdesboroughef@skype.com,Polygender,985-312-8615,Canada,18-10-1994
521,Shaine,Svanini,ssvaninieg@mapy.cz,Male,669-543-0301,Philippines,08-04-2002
522,Samuel,Cescot,scescoteh@t.co,Male,558-639-1294,Russia,13-05-2016
523,Jethro,Wildish,jwildishei@purevolume.com,Male,658-718-1277,Bosnia and Herzegovina,29-07-1998
524,Brianne,Ellerman,bellermanej@ameblo.jp,Female,871-260-2344,Czech Republic,17-10-2017
525,Ragnar,Davidoff,rdavidoffek@psu.edu,Male,552-785-4318,China,26-10-1997
526,Judd,Frackiewicz,jfrackiewiczel@toplist.cz,Male,346-188-5436,Russia,12-08-1999
527,Monte,Stuckley,mstuckleyem@networkadvertising.org,Male,492-231-1545,Nigeria,01-11-1995
528,Sean,Roskrug,sroskrugen@nhs.uk,Female,153-450-6629,Vietnam,10-04-2007
529,Jacki,Loyns,jloynseo@people.com.cn,Female,923-562-5825,Russia,17-07-2012
530,Van,Bau,vbauep@si.edu,Male,946-328-6164,Indonesia,12-04-2003
531,Salvidor,Schubuser,sschubusereq@hibu.com,Male,998-370-4834,Finland,31-03-2020
532,Aili,Curmi,acurmier@eventbrite.com,Female,835-513-9931,France,31-12-2000
533,Mohandas,Collis,mcollises@pbs.org,Male,513-929-5651,United States,05-12-2007
534,Dallas,Ateggart,dateggartet@umn.edu,Female,959-943-6642,Kyrgyzstan,18-12-2010
535,Conrad,Muscott,cmuscotteu@cornell.edu,Male,732-147-6235,North Korea,19-04-2001
536,Amitie,Woodworth,awoodworthev@hhs.gov,Female,257-815-7988,Argentina,03-08-2004
537,Pandora,Guilloton,pguillotonew@prlog.org,Genderfluid,684-537-8714,Luxembourg,16-05-2018
538,Hardy,Prati,hpratiex@utexas.edu,Male,747-657-6210,China,05-01-2005
539,Kirk,Koppes,kkoppesey@miitbeian.gov.cn,Male,124-201-1939,China,29-07-2015
540,Ginny,Vankov,gvankovez@si.edu,Female,545-619-5951,China,05-09-1994
541,Roland,Rubinshtein,rrubinshteinf0@de.vu,Male,522-436-6687,Indonesia,08-03-2001
542,Tabbatha,Sirrell,tsirrellf1@unblog.fr,Female,542-359-9264,Indonesia,29-12-2014
543,Rory,Orton,rortonf2@smugmug.com,Male,308-916-7351,Brazil,21-05-2021
544,Veda,Kennington,vkenningtonf3@ycombinator.com,Female,480-823-9694,Peru,15-01-1991
545,Brantley,Doige,bdoigef4@devhub.com,Male,526-233-8245,Serbia,25-06-2018
546,Timmie,Cheasman,tcheasmanf5@opera.com,Female,989-252-4107,Malta,25-05-1990
547,Yuri,Mandifield,ymandifieldf6@github.io,Male,368-395-6913,Poland,04-11-2016
548,Bailie,Eastmond,beastmondf7@amazon.co.uk,Agender,550-274-7810,Greece,02-06-2019
549,Maurie,Ciccetti,mciccettif8@washington.edu,Male,901-826-5444,United States,13-10-2004
550,Felipa,Barker,fbarkerf9@ask.com,Female,257-163-0999,Spain,18-12-2003
551,Marnia,Simonini,msimoninifa@seesaa.net,Female,584-916-4588,Latvia,05-05-2019
552,Quinton,Lawrenceson,qlawrencesonfb@networkadvertising.org,Male,171-486-6649,Slovenia,16-10-2020
553,Isak,Bywaters,ibywatersfc@over-blog.com,Male,741-213-7007,Indonesia,09-05-1990
554,Happy,Tattershall,htattershallfd@naver.com,Female,100-394-3207,China,16-02-1992
555,Therine,Housegoe,thousegoefe@sogou.com,Female,746-269-8350,Kazakhstan,12-01-2004
556,Carlin,Smallsman,csmallsmanff@tumblr.com,Male,259-970-7267,Russia,16-07-1991
557,Thacher,Uglow,tuglowfg@jalbum.net,Male,292-644-0870,Reunion,25-12-2020
558,Skylar,Reinisch,sreinischfh@typepad.com,Male,745-153-7625,Indonesia,26-12-1991
559,Chandal,Guilbert,cguilbertfi@naver.com,Female,735-791-4646,China,26-01-2015
560,Chase,Oakland,coaklandfj@narod.ru,Male,661-729-9215,China,07-07-2010
561,Dagny,Cardon,dcardonfk@ed.gov,Male,692-308-3269,Japan,28-08-1995
562,Gweneth,Labbez,glabbezfl@list-manage.com,Female,282-505-8235,Indonesia,14-10-1990
563,Khalil,Keneforde,kkenefordefm@yahoo.co.jp,Male,626-301-8549,Russia,10-12-2009
564,Hillier,Cella,hcellafn@google.pl,Male,637-975-1164,Mexico,04-07-2009
565,Rubetta,McKeowon,rmckeowonfo@jigsy.com,Female,829-182-0874,China,27-05-2021
566,Olivette,Fransseni,ofranssenifp@ning.com,Female,457-247-8387,China,05-11-2013
567,Maitilde,Sacase,msacasefq@buzzfeed.com,Female,306-272-9466,France,18-08-1992
568,Alexia,Darcy,adarcyfr@nba.com,Female,649-553-5476,Bulgaria,29-08-1994
569,Alleen,Aldridge,aaldridgefs@nih.gov,Female,509-344-6314,China,14-01-2000
570,Aeriela,Randles,arandlesft@about.com,Female,233-711-4341,Japan,26-09-2000
571,Norton,Geard,ngeardfu@nationalgeographic.com,Male,828-870-3353,China,23-06-2013
572,Keene,Boon,kboonfv@theglobeandmail.com,Male,848-602-0871,Slovakia,09-10-1994
573,Zsazsa,Geggie,zgeggiefw@cpanel.net,Female,805-204-7227,France,01-12-2013
574,Brooke,Matzke,bmatzkefx@csmonitor.com,Female,339-247-4417,Cameroon,19-08-2019
575,Julie,Royste,jroystefy@ihg.com,Female,225-484-7291,Russia,13-09-2013
576,Corbie,Noke,cnokefz@ebay.co.uk,Bigender,745-259-4715,France,16-09-2016
577,Nonah,Ryland,nrylandg0@opensource.org,Female,816-740-3311,China,14-07-1995
578,Tasha,Saffin,tsaffing1@smh.com.au,Female,441-142-2506,Indonesia,22-04-2013
579,Brynna,Diben,bdibeng2@economist.com,Female,419-742-9981,Russia,24-11-2019
580,Ernaline,Comolli,ecomollig3@ft.com,Female,313-798-0186,Philippines,31-08-2004
581,Ray,Pascall,rpascallg4@storify.com,Male,898-742-7439,Russia,03-12-2000
582,Shandy,Le Barr,slebarrg5@microsoft.com,Female,447-992-6121,Armenia,20-10-2001
583,Rosana,Spadaro,rspadarog6@pen.io,Female,755-292-4752,Serbia,15-05-2002
584,Dennis,Shawell,dshawellg7@fc2.com,Male,323-181-6864,China,18-08-2005
585,Devondra,Rosenthal,drosenthalg8@hc360.com,Female,771-446-5623,Indonesia,07-03-2020
586,Montague,Bleackley,mbleackleyg9@bing.com,Male,108-564-1117,China,06-03-2005
587,Seth,Kliemchen,skliemchenga@adobe.com,Male,382-977-5006,Indonesia,03-03-2007
588,Aubry,Eim,aeimgb@tripod.com,Female,564-446-5120,Greece,30-07-2018
589,Leupold,Platt,lplattgc@alexa.com,Male,465-602-0259,China,29-07-2012
590,Lombard,Streets,lstreetsgd@ovh.net,Male,601-286-0094,Portugal,11-09-2019
591,Kati,Boulder,kboulderge@theatlantic.com,Female,576-283-0943,France,03-03-1996
592,Maggee,Hunnaball,mhunnaballgf@dion.ne.jp,Agender,267-107-9844,Ukraine,11-11-2021
593,Jonis,Trowell,jtrowellgg@a8.net,Female,459-686-0039,Colombia,30-11-1997
594,Jehanna,Vint,jvintgh@spiegel.de,Female,405-407-8744,France,04-12-2002
595,Kaycee,Krook,kkrookgi@miibeian.gov.cn,Female,156-917-5206,Mauritius,11-01-2007
596,Ulberto,Gwin,ugwingj@bravesites.com,Male,683-934-6514,Colombia,31-05-2008
597,Trumaine,Franzotto,tfranzottogk@homestead.com,Genderfluid,125-879-0616,Sweden,29-12-2008
598,Winnifred,Raspel,wraspelgl@berkeley.edu,Female,821-158-0450,Palestinian Territory,23-04-2013
599,Ladonna,Agglio,laggliogm@cafepress.com,Female,199-976-0998,Ukraine,26-02-1998
600,Jonie,Greally,jgreallygn@creativecommons.org,Female,726-318-9095,Albania,06-07-2018
601,Pooh,Jori,pjorigo@unesco.org,Male,226-174-4517,Tunisia,26-10-1993
602,Meier,Morgan,mmorgangp@state.tx.us,Male,962-846-5628,Indonesia,08-09-2021
603,Cherise,Roback,crobackgq@clickbank.net,Female,443-839-2523,Indonesia,26-04-1996
604,Odille,Groarty,ogroartygr@prweb.com,Female,140-162-4041,China,23-07-1990
605,Eolande,Tommis,etommisgs@weibo.com,Female,755-927-6832,Brazil,16-02-2006
606,Wittie,Handrek,whandrekgt@usatoday.com,Genderqueer,950-429-6684,Peru,24-07-1997
607,Justin,Whatham,jwhathamgu@reuters.com,Male,525-541-3867,China,18-04-2013
608,Sibby,Sarjent,ssarjentgv@gravatar.com,Female,519-787-7196,China,27-06-2014
609,Tiffany,Frondt,tfrondtgw@hexun.com,Female,989-138-9745,China,10-11-2006
610,Foster,Ranklin,franklingx@dailymail.co.uk,Male,131-678-7379,Colombia,11-05-2006
611,Lombard,Kebbell,lkebbellgy@blogtalkradio.com,Male,925-263-5740,Lebanon,14-04-1997
612,Damaris,Saiger,dsaigergz@meetup.com,Genderfluid,376-282-8072,Indonesia,16-09-2019
613,Rufe,Bilbery,rbilberyh0@nymag.com,Male,962-709-8888,Poland,11-04-2014
614,Cosme,Alan,calanh1@opensource.org,Male,537-904-9112,Portugal,28-06-2018
615,Armstrong,Buckenhill,abuckenhillh2@utexas.edu,Genderqueer,264-606-1400,Poland,26-05-2003
616,Christi,Warsap,cwarsaph3@netscape.com,Female,722-648-3683,Indonesia,08-10-2003
617,Margi,Walsh,mwalshh4@unc.edu,Female,607-527-8870,China,08-12-2004
618,Georgianne,Halladay,ghalladayh5@shareasale.com,Female,822-923-9988,Czech Republic,23-05-2016
619,Averell,Sutherington,asutheringtonh6@intel.com,Male,855-163-0073,Indonesia,24-01-1997
620,Carlene,Ruddy,cruddyh7@jugem.jp,Female,798-553-0339,Norway,05-05-2016
621,Yuri,Lodevick,ylodevickh8@spiegel.de,Male,314-111-9106,Turkmenistan,16-07-2020
622,Inez,Mandres,imandresh9@jalbum.net,Female,817-892-6982,China,28-03-2001
623,Prentice,Streeter,pstreeterha@cisco.com,Male,974-997-1346,Portugal,08-12-2010
624,Truman,Danielli,tdaniellihb@stanford.edu,Male,923-879-1522,France,31-12-2018
625,Wylma,Farman,wfarmanhc@independent.co.uk,Female,820-786-7209,Japan,29-12-2002
626,Brandea,Lacoste,blacostehd@nsw.gov.au,Female,486-316-1576,Austria,17-08-2005
627,Tanya,Broadbere,tbroadberehe@rakuten.co.jp,Female,325-229-9048,Ivory Coast,03-01-2020
628,Stavro,Donaldson,sdonaldsonhf@cargocollective.com,Male,903-981-6240,Palestinian Territory,20-10-2019
629,Peirce,Frankum,pfrankumhg@mlb.com,Male,582-646-1409,Greece,14-07-2018
630,Bambi,Keeley,bkeeleyhh@naver.com,Female,384-717-0806,France,27-01-1997
631,Margaretha,Dunlop,mdunlophi@toplist.cz,Female,760-910-9131,China,05-12-2013
632,Corby,Wince,cwincehj@jiathis.com,Male,978-161-7132,China,10-03-1991
633,Elia,Newdick,enewdickhk@dmoz.org,Male,708-988-1811,Indonesia,10-12-1994
634,Waite,McFadden,wmcfaddenhl@mysql.com,Male,948-360-2731,Philippines,10-11-2008
635,Salvador,Orum,sorumhm@hibu.com,Male,656-810-2925,China,08-12-2012
636,Ira,Lewsley,ilewsleyhn@furl.net,Female,510-841-2632,Ukraine,15-04-2009
637,Aleda,Rive,ariveho@noaa.gov,Female,401-560-3625,Indonesia,04-12-2019
638,Chrissy,Molesworth,cmolesworthhp@storify.com,Male,400-278-4353,Indonesia,24-03-2014
639,Tasia,Eckery,teckeryhq@vistaprint.com,Female,864-704-9054,Portugal,14-02-2001
640,Windy,Jouaneton,wjouanetonhr@webeden.co.uk,Female,511-889-3525,China,18-04-2006
641,Sadella,Buntain,sbuntainhs@twitpic.com,Female,361-221-2481,China,25-11-1992
642,Lombard,Jelphs,ljelphsht@amazon.de,Genderqueer,147-623-4460,Indonesia,20-08-2016
643,Mohandis,Westover,mwestoverhu@adobe.com,Male,492-142-8917,Russia,21-09-1996
644,Winny,Meenehan,wmeenehanhv@weather.com,Male,502-930-2686,Ukraine,09-02-2021
645,Yasmeen,Bartel,ybartelhw@dell.com,Non-binary,549-110-4425,Portugal,26-08-1994
646,Loraine,Katte,lkattehx@tinyurl.com,Female,870-302-7808,China,07-02-2010
647,Alvin,Farries,afarrieshy@japanpost.jp,Male,237-314-5811,Russia,01-10-2007
648,Silvia,Mazzilli,smazzillihz@reuters.com,Female,291-200-6403,Russia,25-10-2005
649,Arabelle,Dury,aduryi0@ehow.com,Female,756-759-9449,Thailand,02-03-2013
650,Babara,Headly,bheadlyi1@techcrunch.com,Female,665-553-0965,Macedonia,02-03-1995
651,Ashli,Keaveney,akeaveneyi2@php.net,Female,456-527-2114,Finland,19-12-2005
652,Lenci,Murdy,lmurdyi3@hc360.com,Male,941-723-5498,Brazil,30-05-1997
653,Felizio,Klyn,fklyni4@wikispaces.com,Male,178-389-1545,China,28-10-2009
654,Priscella,Twede,ptwedei5@hexun.com,Non-binary,881-153-3666,China,26-06-2008
655,Peggy,Bosnell,pbosnelli6@cbc.ca,Female,181-804-1326,Brazil,08-08-2017
656,Lorianne,McNirlan,lmcnirlani7@accuweather.com,Agender,306-195-3839,Macedonia,07-10-1998
657,Louis,Burnyeat,lburnyeati8@wufoo.com,Male,243-157-1006,Czech Republic,08-04-1997
658,Hort,Banke,hbankei9@shutterfly.com,Male,252-247-6730,Philippines,06-04-2022
659,Todd,Frankling,tfranklingia@yahoo.com,Male,913-800-6525,China,16-02-2016
660,Artair,Pallis,apallisib@tripadvisor.com,Male,803-449-3542,China,19-05-2010
661,Rochelle,Creeboe,rcreeboeic@paypal.com,Genderfluid,432-697-6300,United States,10-06-1992
662,Philbert,Pickering,ppickeringid@tripadvisor.com,Male,115-745-2106,Mexico,01-05-2011
663,Corey,Severy,cseveryie@yellowbook.com,Female,965-421-4376,China,09-12-2013
664,Carmita,Enos,cenosif@tinypic.com,Female,805-466-0763,China,06-08-1993
665,Hale,Winskill,hwinskillig@archive.org,Male,296-703-2647,Philippines,05-08-1993
666,Sisely,Paris,sparisih@blog.com,Female,104-241-7948,China,18-04-2020
667,Birgitta,Tournie,btournieii@webnode.com,Female,405-424-0132,Venezuela,10-12-2001
668,Harper,Baxstare,hbaxstareij@spiegel.de,Male,806-915-6806,Japan,24-04-2021
669,Deedee,Biggins,dbigginsik@msn.com,Female,192-453-6602,Indonesia,07-06-1998
670,Wallas,Spurdens,wspurdensil@reuters.com,Male,875-487-3733,Poland,01-11-2017
671,Myrlene,Cogley,mcogleyim@ucoz.ru,Female,770-220-7867,Bhutan,23-07-1992
672,Carlyn,Geroldini,cgeroldiniin@hibu.com,Female,441-485-1908,Ukraine,20-10-2001
673,Amargo,Cheatle,acheatleio@printfriendly.com,Female,646-545-7456,Costa Rica,02-10-2009
674,Chandra,Hawney,chawneyip@bbb.org,Female,177-862-5218,Sweden,09-12-2021
675,Jens,Mannock,jmannockiq@mit.edu,Male,447-679-2676,Russia,29-03-2017
676,Ennis,Staneland,estanelandir@bloglovin.com,Male,851-844-1062,Brazil,24-11-1990
677,Shani,Astley,sastleyis@jiathis.com,Female,380-676-2462,Brazil,16-03-2014
678,Trish,Pinfold,tpinfoldit@wisc.edu,Female,858-288-5331,Bosnia and Herzegovina,01-05-1991
679,Susannah,Strangwood,sstrangwoodiu@naver.com,Female,953-788-4756,Ireland,09-06-2007
680,Justino,McKeney,jmckeneyiv@bbb.org,Male,278-928-7869,Sweden,31-07-1999
681,Milton,Egan,meganiw@seesaa.net,Male,560-424-8529,Brazil,15-03-1997
682,Katrine,Troop,ktroopix@ca.gov,Female,636-453-4516,Cuba,10-09-2004
683,Marcella,Pankethman,mpankethmaniy@jugem.jp,Female,143-647-2369,China,05-06-2008
684,Ferdie,Wipfler,fwipfleriz@toplist.cz,Male,232-979-4063,China,07-04-2021
685,Ransom,Gianilli,rgianillij0@washingtonpost.com,Male,350-351-3169,China,08-01-2012
686,Emelen,Fanner,efannerj1@sitemeter.com,Male,916-307-0245,Russia,03-01-2022
687,Christel,Franey,cfraneyj2@unc.edu,Female,781-123-1504,Japan,21-10-2014
688,Elaine,Collymore,ecollymorej3@ca.gov,Female,332-728-3297,Brazil,17-07-2013
689,Ella,Fitchett,efitchettj4@github.io,Female,962-725-5626,Brazil,19-04-1998
690,Lyda,Bessey,lbesseyj5@w3.org,Female,143-926-1592,Thailand,22-01-2011
691,Wat,Lippini,wlippinij6@sphinn.com,Male,724-998-1917,China,03-10-1995
692,Selena,Merrington,smerringtonj7@dot.gov,Female,925-199-6226,Netherlands,11-11-2017
693,Gaspar,Garton,ggartonj8@blogspot.com,Male,996-534-6393,Slovenia,29-06-2003
694,Kandace,Shalloe,kshalloej9@bbb.org,Female,774-496-2145,Russia,26-02-2015
695,Vanda,Peartree,vpeartreeja@pagesperso-orange.fr,Female,645-828-1434,Ukraine,03-06-1992
696,Carmelle,Bawdon,cbawdonjb@soup.io,Female,834-331-6944,Indonesia,20-01-2012
697,Raviv,Liverseege,rliverseegejc@tamu.edu,Male,949-272-9885,Czech Republic,26-04-2016
698,Paton,Medlin,pmedlinjd@goodreads.com,Male,829-853-0295,Georgia,07-11-2011
699,Janet,Tomasello,jtomaselloje@indiegogo.com,Female,485-525-1186,Brazil,18-05-1997
700,Jaimie,Waggatt,jwaggattjf@clickbank.net,Female,222-403-8136,Argentina,18-07-2012
701,Yevette,Skeats,yskeatsjg@sakura.ne.jp,Female,342-425-5826,Sweden,19-02-2002
702,Abbey,Huggard,ahuggardjh@stanford.edu,Male,755-576-2760,Indonesia,29-01-1996
703,Bartlett,Mawman,bmawmanji@blogtalkradio.com,Male,251-106-7965,Canada,15-07-1995
704,Amelita,Nyland,anylandjj@ifeng.com,Female,906-527-1741,Philippines,22-05-2010
705,Gal,Maciunas,gmaciunasjk@mediafire.com,Male,913-720-9612,China,16-09-2011
706,Gil,Bazeley,gbazeleyjl@auda.org.au,Male,310-907-6428,Taiwan,08-04-2008
707,Margette,Harly,mharlyjm@typepad.com,Bigender,396-125-3135,Nicaragua,01-07-2010
708,Shandeigh,Strelitzer,sstrelitzerjn@people.com.cn,Female,529-467-0486,Indonesia,03-07-2020
709,Paco,Webburn,pwebburnjo@sciencedaily.com,Male,360-157-9788,Philippines,23-08-1990
710,Farlee,Clemo,fclemojp@businesswire.com,Male,924-959-8405,China,22-02-2017
711,Haroun,Millier,hmillierjq@mail.ru,Male,751-555-5031,Russia,21-05-1990
712,Perice,Pentony,ppentonyjr@google.co.jp,Male,812-959-1855,China,02-11-2002
713,Starr,Feild,sfeildjs@omniture.com,Female,883-483-9281,China,27-01-2014
714,Fancy,Soall,fsoalljt@tamu.edu,Female,414-173-2880,Cameroon,10-09-2004
715,Sapphire,Picker,spickerju@ezinearticles.com,Female,991-551-2007,China,27-05-1996
716,Win,Wraight,wwraightjv@intel.com,Male,188-998-1888,Ukraine,17-08-2006
717,Clerissa,McGilbon,cmcgilbonjw@virginia.edu,Female,409-324-7481,Liberia,25-03-2021
718,Francesca,Jacobson,fjacobsonjx@irs.gov,Female,651-231-5497,Indonesia,15-08-1995
719,Shaylah,Trammel,strammeljy@chron.com,Female,502-383-3657,United States,11-07-1992
720,Linnea,Batalini,lbatalinijz@mapquest.com,Female,176-996-9185,Georgia,04-08-2000
721,Vina,Enderby,venderbyk0@foxnews.com,Female,699-957-1220,China,28-01-2015
722,Olivier,Doyland,odoylandk1@homestead.com,Male,737-819-0719,Poland,08-02-2002
723,Adore,Spratt,asprattk2@time.com,Female,915-400-2965,United States,07-10-1991
724,Aurea,Wodeland,awodelandk3@who.int,Female,606-572-0196,Philippines,03-07-2015
725,Derril,Pattlel,dpattlelk4@craigslist.org,Male,309-589-0819,Bolivia,11-12-2018
726,Suzy,Herreran,sherrerank5@guardian.co.uk,Female,626-135-4804,Brazil,16-10-1994
727,Alisander,Laffling,alafflingk6@techcrunch.com,Male,140-394-6357,Canada,07-02-1991
728,Matthias,Cissen,mcissenk7@google.it,Male,950-798-6485,Finland,11-12-2006
729,Skylar,Wibrew,swibrewk8@examiner.com,Male,227-274-2848,Vietnam,24-04-2001
730,Jermaine,Birney,jbirneyk9@tripadvisor.com,Female,985-507-8905,United Kingdom,23-09-1994
731,Aleece,Boskell,aboskellka@mapquest.com,Female,523-754-6651,Sri Lanka,16-01-1993
732,Agneta,Billitteri,abillitterikb@home.pl,Polygender,230-560-6132,China,12-08-2004
733,Deck,Anthon,danthonkc@hao123.com,Male,299-909-5831,Philippines,28-07-2008
734,Sosanna,Ockland,socklandkd@foxnews.com,Female,747-479-4537,China,19-11-2004
735,Aida,Crutchley,acrutchleyke@google.cn,Female,253-933-6261,China,08-12-2013
736,Cally,Blaszczyk,cblaszczykkf@php.net,Female,364-419-2747,China,13-09-2003
737,Antonino,Caselick,acaselickkg@europa.eu,Male,560-338-4702,Portugal,23-06-1998
738,Maryrose,MacTrustrie,mmactrustriekh@imageshack.us,Female,506-408-3731,Philippines,29-07-1997
739,Dalt,Neno,dnenoki@nps.gov,Male,484-631-5628,Brazil,12-11-2006
740,Duke,Mordecai,dmordecaikj@devhub.com,Male,826-215-0608,Argentina,05-02-2002
741,Cheslie,Gunnell,cgunnellkk@sciencedaily.com,Agender,435-386-6434,Philippines,20-07-1990
742,Leupold,Bouzek,lbouzekkl@amazon.de,Male,334-770-9204,Russia,26-05-2005
743,Dela,Rudram,drudramkm@tinypic.com,Female,301-239-7383,Ghana,01-04-2014
744,Aggy,Cobley,acobleykn@technorati.com,Female,896-427-5316,Portugal,20-03-2014
745,Stefano,Dowdell,sdowdellko@about.com,Polygender,345-107-5709,China,02-08-2014
746,Bernardine,Tanton,btantonkp@xrea.com,Female,771-662-8307,China,09-12-2014
747,Thomasin,Burgott,tburgottkq@facebook.com,Female,511-479-0092,Canada,29-08-2003
748,Russell,Baud,rbaudkr@tripadvisor.com,Male,200-155-4684,Sweden,05-11-1992
749,Dame,Lippett,dlippettks@harvard.edu,Male,323-433-4615,Russia,14-11-2012
750,Lorry,Eton,letonkt@mac.com,Male,611-429-1742,Honduras,19-01-2004
751,Mariann,Barks,mbarksku@icq.com,Female,344-189-5193,China,21-02-2002
752,Gordie,Montel,gmontelkv@msu.edu,Male,163-794-7809,China,25-06-1991
753,Dory,Percy,dpercykw@bluehost.com,Female,312-483-6291,Tunisia,29-12-2012
754,Kore,Santry,ksantrykx@dell.com,Female,770-293-6321,Portugal,15-02-2015
755,Aldus,Fortin,afortinky@icio.us,Male,887-356-9124,China,24-11-2021
756,Bowie,Garrould,bgarrouldkz@globo.com,Male,160-961-4468,China,11-11-2008
757,Gunner,Shayes,gshayesl0@acquirethisname.com,Male,493-202-2840,Portugal,29-01-2007
758,Juliet,De Zamudio,jdezamudiol1@chron.com,Genderqueer,460-655-4417,Uzbekistan,08-07-1999
759,Elsi,Philpotts,ephilpottsl2@comsenz.com,Female,723-696-5947,Panama,01-07-2016
760,Homerus,Zaple,hzaplel3@utexas.edu,Male,663-457-5695,Brazil,06-07-2000
761,Crichton,Rigglesford,crigglesfordl4@diigo.com,Male,234-503-3315,Israel,16-01-1993
762,Langsdon,Crocker,lcrockerl5@infoseek.co.jp,Male,946-251-9173,Luxembourg,09-01-1997
763,Con,Duberry,cduberryl6@cbc.ca,Female,234-983-1855,Indonesia,12-11-1997
764,Tymothy,Donn,tdonnl7@kickstarter.com,Male,585-899-9840,Argentina,25-07-1994
765,Farrand,Bleakley,fbleakleyl8@telegraph.co.uk,Female,423-540-3032,Guatemala,15-01-1993
766,Fidelia,Angove,fangovel9@fda.gov,Female,576-959-7086,China,03-04-1992
767,Anders,Bowe,abowela@ning.com,Male,136-462-7725,France,02-02-2020
768,Madelin,Guly,mgulylb@trellian.com,Female,204-278-9400,Portugal,25-05-2013
769,Merrilee,Hilling,mhillinglc@pagesperso-orange.fr,Female,972-888-3138,Indonesia,31-05-2004
770,Phyllida,Frostdicke,pfrostdickeld@ucoz.com,Female,216-209-6437,Ukraine,26-03-2000
771,Andie,Dinnage,adinnagele@patch.com,Male,414-168-5596,China,30-07-2012
772,Ninette,Fayne,nfaynelf@time.com,Female,968-810-0070,Indonesia,04-03-1996
773,Meir,Simants,msimantslg@mediafire.com,Male,235-571-8608,Philippines,18-05-2012
774,Bennett,Penketh,bpenkethlh@ihg.com,Male,526-587-9724,China,06-07-1997
775,Katrinka,Burry,kburryli@soup.io,Female,252-897-4509,China,23-07-2001
776,Wallis,Paula,wpaulalj@163.com,Male,115-942-8573,France,07-07-1998
777,Paola,Dalgarno,pdalgarnolk@xrea.com,Female,750-744-0533,Venezuela,30-11-2006
778,Joby,Bagniuk,jbagniukll@unc.edu,Female,831-593-4853,United States,14-07-2002
779,Francklyn,Huttley,fhuttleylm@artisteer.com,Male,570-232-1012,United States,25-06-2004
780,Alecia,Simonnot,asimonnotln@digg.com,Female,487-962-2565,Macedonia,19-04-2013
781,Michaeline,Caldera,mcalderalo@51.la,Female,353-929-6404,Croatia,28-10-2017
782,Sapphire,Chaffyn,schaffynlp@ucoz.com,Female,829-364-9470,China,13-11-2015
783,Zach,Bettesworth,zbettesworthlq@digg.com,Non-binary,652-226-9930,Portugal,08-01-2014
784,Sibley,Gillard,sgillardlr@clickbank.net,Female,121-633-1851,Mali,08-06-2013
785,Reggis,Shale,rshalels@ifeng.com,Male,550-750-9028,Poland,20-04-2003
786,Lisle,Ewell,lewelllt@wix.com,Male,615-160-6244,Sweden,11-01-1998
787,Kirstyn,Whitmell,kwhitmelllu@amazonaws.com,Female,825-234-4787,Canada,16-04-1998
788,Davis,Bennit,dbennitlv@woothemes.com,Male,824-547-6720,Albania,24-04-2009
789,Grayce,Zoellner,gzoellnerlw@pen.io,Female,730-955-3950,Sweden,04-04-2019
790,Dee dee,Burney,dburneylx@howstuffworks.com,Female,492-197-7345,Portugal,18-12-2017
791,Bonny,Mackley,bmackleyly@surveymonkey.com,Female,985-159-2997,Japan,05-06-1994
792,Harley,Verbeke,hverbekelz@livejournal.com,Female,733-468-3569,Malaysia,17-11-2004
793,Melisandra,Sapshed,msapshedm0@ed.gov,Female,901-737-4044,Dominican Republic,25-11-2018
794,Berti,Fragino,bfraginom1@toplist.cz,Female,959-649-1945,Malaysia,22-03-1995
795,Tynan,Winsbury,twinsburym2@zimbio.com,Male,162-807-3355,Jordan,27-12-2017
796,Eda,Planks,eplanksm3@ft.com,Female,176-781-8637,China,28-01-2015
797,Maryrose,Rounding,mroundingm4@lulu.com,Female,479-852-3934,Poland,27-01-2019
798,Paula,Renner,prennerm5@scribd.com,Female,563-255-7226,Belarus,13-12-2006
799,Celia,Matchett,cmatchettm6@usda.gov,Female,402-498-3239,United States,20-06-1999
800,Leslie,Ludovico,lludovicom7@topsy.com,Female,907-641-5565,Portugal,04-04-2018
801,Florida,Rraundl,frraundlm8@123-reg.co.uk,Agender,829-680-6099,China,28-09-2008
802,Mervin,Cossentine,mcossentinem9@yahoo.com,Male,559-246-2275,Mexico,19-12-1998
803,Cyndy,Cogzell,ccogzellma@multiply.com,Female,428-538-6783,Sweden,21-10-2003
804,Rosalind,Biswell,rbiswellmb@hhs.gov,Female,442-514-1836,China,26-07-2012
805,Evin,Edgeworth,eedgeworthmc@cmu.edu,Male,684-687-1256,France,14-05-1991
806,Murdoch,Harmstone,mharmstonemd@godaddy.com,Male,405-477-8248,Greece,14-01-2014
807,Rasla,Clement,rclementme@newsvine.com,Female,119-411-6681,Russia,11-02-2022
808,Bartholomew,Bruyett,bbruyettmf@wix.com,Male,998-525-2117,Netherlands,28-06-2013
809,Ramona,Tenney,rtenneymg@ustream.tv,Female,214-833-2553,China,21-02-2011
810,Guinna,Ulyat,gulyatmh@surveymonkey.com,Female,190-549-5448,French Polynesia,04-08-1994
811,Mildrid,Dallan,mdallanmi@mapy.cz,Female,661-909-8280,Japan,20-07-2018
812,Thomasa,Parkin,tparkinmj@paginegialle.it,Agender,567-497-2766,Botswana,14-04-2014
813,Ernaline,Vegas,evegasmk@baidu.com,Female,518-776-6374,Japan,09-03-1998
814,Thaddeus,Sapsforde,tsapsfordeml@va.gov,Male,868-209-6457,Japan,09-08-2006
815,Graehme,Shalliker,gshallikermm@sourceforge.net,Male,482-618-6170,Poland,07-04-2010
816,Vidovic,Dwight,vdwightmn@360.cn,Male,760-290-4930,France,09-01-2022
817,Bastien,Burgoine,bburgoinemo@odnoklassniki.ru,Male,423-370-2668,China,20-12-1999
818,Giles,Carmont,gcarmontmp@webeden.co.uk,Male,950-190-6848,Philippines,07-12-2011
819,Friedrich,Charte,fchartemq@imageshack.us,Genderqueer,373-511-2804,Philippines,05-02-1999
820,Shelley,Blowen,sblowenmr@dyndns.org,Male,311-897-9300,Spain,18-06-2021
821,Lindsay,Sinton,lsintonms@amazon.com,Male,728-845-6456,Portugal,13-08-2010
822,Sarene,Costanza,scostanzamt@google.com.au,Genderqueer,680-461-5209,Latvia,16-01-1999
823,Adan,Kix,akixmu@sohu.com,Male,249-616-5522,Canada,05-12-2007
824,Winny,Drowsfield,wdrowsfieldmv@opera.com,Male,482-715-0320,China,30-08-2013
825,Myriam,Jewess,mjewessmw@wordpress.com,Female,318-808-8794,Brazil,19-03-2002
826,Orson,Skinn,oskinnmx@wikipedia.org,Male,163-977-0728,Philippines,20-06-2020
827,Osbourn,Macci,omaccimy@360.cn,Male,172-406-2119,Japan,29-03-2011
828,Wendye,McErlaine,wmcerlainemz@biblegateway.com,Genderqueer,337-413-9721,China,16-01-2000
829,Maurise,O'Towey,motoweyn0@jimdo.com,Female,704-508-3980,Tanzania,12-05-2011
830,Hester,Heindrick,hheindrickn1@canalblog.com,Female,889-119-0473,Argentina,08-03-1998
831,Lela,Abrahamian,labrahamiann2@xinhuanet.com,Female,610-549-7777,Japan,04-07-2000
832,Lanie,Allwright,lallwrightn3@businessinsider.com,Agender,399-993-5211,Moldova,26-10-2018
833,Shem,Tomik,stomikn4@liveinternet.ru,Male,716-383-1405,Indonesia,29-10-1993
834,Natasha,Marcroft,nmarcroftn5@barnesandnoble.com,Female,381-232-3958,Argentina,07-12-2016
835,Lance,Renol,lrenoln6@bloglovin.com,Male,713-545-5228,China,12-05-2002
836,Saba,Freegard,sfreegardn7@homestead.com,Female,549-755-4607,Croatia,26-06-2000
837,Calida,Riepl,criepln8@barnesandnoble.com,Female,928-320-6933,Ghana,09-11-1993
838,Delly,Ching,dchingn9@desdev.cn,Female,338-395-6681,Belarus,24-07-2012
839,Mariel,Dominetti,mdominettina@alibaba.com,Female,914-761-7641,Afghanistan,06-08-2008
840,Ingamar,MacAlpyne,imacalpynenb@1und1.de,Male,259-806-7675,Ireland,03-10-2004
841,Antons,Coate,acoatenc@utexas.edu,Male,379-937-5344,Greece,20-10-1996
842,Darcey,Brattell,dbrattellnd@census.gov,Female,861-569-7078,China,01-11-2021
843,Berti,Kleimt,bkleimtne@google.cn,Female,319-167-0857,Kosovo,10-04-1999
844,Coop,Gabites,cgabitesnf@icio.us,Male,103-492-5311,Japan,20-08-2011
845,Caren,Plevey,cpleveyng@biglobe.ne.jp,Female,184-176-5061,Brazil,12-09-2010
846,Cecilla,Ianitti,cianittinh@senate.gov,Female,786-778-5648,Spain,04-11-2020
847,Lauree,Le Gassick,llegassickni@blogspot.com,Female,779-528-0549,China,09-03-2018
848,Drusi,Muckart,dmuckartnj@tinyurl.com,Non-binary,428-118-8579,Greenland,23-05-1992
849,Trstram,Boshard,tboshardnk@51.la,Male,473-689-0770,Malta,31-03-2015
850,Tanney,Ornillos,tornillosnl@vkontakte.ru,Male,127-311-2934,China,10-06-2015
851,Jemmy,Shadfourth,jshadfourthnm@census.gov,Female,132-929-4356,Ethiopia,29-01-2001
852,Starlin,Seide,sseidenn@histats.com,Female,431-356-6374,Indonesia,06-08-2011
853,Tawnya,Rosie,trosieno@woothemes.com,Female,276-927-8024,China,15-04-1998
854,Oates,Lille,olillenp@1688.com,Male,843-396-9749,Vietnam,17-11-1995
855,Ali,Goudge,agoudgenq@weather.com,Male,998-320-6349,Sweden,22-02-2011
856,Cinda,Kenright,ckenrightnr@qq.com,Female,356-402-0905,Brazil,02-07-2001
857,Dodie,Lackemann,dlackemannns@cbslocal.com,Female,794-566-2490,Argentina,09-03-1995
858,Durand,Bradnock,dbradnocknt@japanpost.jp,Male,635-977-7218,United Kingdom,29-04-2019
859,Lianne,Scampion,lscampionnu@oaic.gov.au,Female,757-620-9267,United States,02-12-2001
860,Antonin,Tovey,atoveynv@alexa.com,Male,347-910-7163,Mexico,28-11-2005
861,Sherrie,Ivanisov,sivanisovnw@ow.ly,Female,259-330-4591,Honduras,05-02-2001
862,Whitney,Lanigan,wlanigannx@uiuc.edu,Non-binary,554-795-2904,Brazil,15-12-2010
863,Davide,Vallerine,dvallerineny@ihg.com,Male,217-721-5822,Brazil,07-09-1992
864,Morgana,Thrift,mthriftnz@pcworld.com,Female,715-327-8203,Indonesia,13-10-1996
865,Katerine,Scullion,ksculliono0@ucsd.edu,Female,538-442-9447,Indonesia,03-02-2008
866,Bryce,Deener,bdeenero1@naver.com,Male,147-764-1000,Poland,06-12-1990
867,Maurise,Leason,mleasono2@nba.com,Genderfluid,539-434-2616,Ghana,12-03-2012
868,Lyndy,Ivanonko,livanonkoo3@de.vu,Female,236-414-6546,Russia,27-08-2000
869,Ruthann,Hullbrook,rhullbrooko4@spiegel.de,Female,451-737-3711,Ukraine,05-10-2002
870,Joletta,Tytcomb,jtytcombo5@ebay.com,Female,873-855-5351,China,05-11-2021
871,Hayden,Olyunin,holyunino6@seesaa.net,Male,913-449-4481,Malaysia,20-09-1994
872,Florence,Ferriday,fferridayo7@vk.com,Female,255-686-5783,Paraguay,18-04-2008
873,Kristopher,Frediani,kfredianio8@ezinearticles.com,Male,502-939-5311,France,05-01-2006
874,Ruth,Hryniewicz,rhryniewiczo9@macromedia.com,Female,643-790-4106,Macedonia,08-05-2003
875,Granger,Gridley,ggridleyoa@walmart.com,Male,873-902-4802,Ukraine,03-03-2021
876,Catrina,Millwater,cmillwaterob@goo.ne.jp,Female,224-776-3347,Poland,20-05-2000
877,Mala,Gomez,mgomezoc@furl.net,Female,796-492-2493,Indonesia,06-11-1993
878,Hetti,Klimontovich,hklimontovichod@ycombinator.com,Female,733-966-5330,Brazil,02-06-2011
879,Randall,McBain,rmcbainoe@blinklist.com,Male,319-173-8938,Iraq,18-03-2016
880,Lorianna,Van Niekerk,lvanniekerkof@feedburner.com,Female,861-562-7079,Russia,30-11-1999
881,Gerianna,Ahren,gahrenog@toplist.cz,Female,780-511-0444,Philippines,03-01-1995
882,Ferguson,Burnhard,fburnhardoh@census.gov,Male,164-868-6009,China,13-12-2016
883,Seumas,De Bruijn,sdebruijnoi@xrea.com,Male,516-406-0144,Japan,11-10-2004
884,Olivie,Corris,ocorrisoj@bizjournals.com,Agender,772-941-0693,United States,20-10-1998
885,Allen,Igoe,aigoeok@deviantart.com,Male,695-944-8184,Portugal,17-12-2010
886,Cindelyn,Matzkaitis,cmatzkaitisol@wordpress.com,Female,255-112-5023,Uzbekistan,09-09-2006
887,Saba,Withrop,swithropom@fotki.com,Female,475-428-4183,Mexico,23-04-2009
888,Noelle,Olerenshaw,nolerenshawon@tmall.com,Female,542-318-8149,Indonesia,23-10-2000
889,Thain,Guiraud,tguiraudoo@4shared.com,Male,564-335-1299,Madagascar,20-04-2019
890,Sisile,Cordova,scordovaop@ebay.co.uk,Female,454-156-9484,Russia,29-07-1993
891,Evonne,Aspinell,easpinelloq@yelp.com,Female,418-728-9910,China,16-03-1995
892,Lynn,Wilber,lwilberor@google.com.hk,Female,409-534-0017,Philippines,30-05-2010
893,Dorolisa,Kinsett,dkinsettos@walmart.com,Female,704-497-3888,Brazil,15-01-2005
894,Kelley,Merit,kmeritot@tuttocitta.it,Male,170-296-0467,Spain,21-09-1990
895,Jocelyne,Lewisham,jlewishamou@shutterfly.com,Genderqueer,933-485-9290,Slovenia,05-08-1993
896,Georg,Fitter,gfitterov@amazon.com,Male,340-794-6199,Croatia,24-08-2018
897,Ralph,Chedgey,rchedgeyow@thetimes.co.uk,Male,152-260-6935,Russia,26-08-1993
898,Jere,Pencost,jpencostox@google.de,Female,310-139-3743,Brazil,05-06-1994
899,Alyce,Eggerton,aeggertonoy@blogger.com,Genderfluid,104-223-0262,Czech Republic,19-05-2004
900,Reed,Matantsev,rmatantsevoz@dyndns.org,Male,739-439-4132,Taiwan,11-12-1999
901,Benoite,Steffans,bsteffansp0@narod.ru,Agender,892-724-1647,Myanmar,01-09-2010
902,Hedi,Attiwill,hattiwillp1@timesonline.co.uk,Female,539-858-5144,Colombia,12-05-1992
903,Sarita,Walesa,swalesap2@abc.net.au,Female,777-292-9075,Netherlands,14-11-2015
904,Berne,Kasting,bkastingp3@over-blog.com,Male,973-455-8496,Indonesia,29-04-2002
905,Scarlet,Bowller,sbowllerp4@rediff.com,Female,346-285-0679,Indonesia,10-09-1996
906,Joni,Gomez,jgomezp5@alexa.com,Female,409-221-1777,Peru,11-06-2000
907,Jeralee,Joicey,jjoiceyp6@mail.ru,Female,627-335-2101,Indonesia,19-01-2020
908,Liuka,Stoaks,lstoaksp7@state.tx.us,Female,120-387-1522,Vietnam,27-01-2016
909,Merrilee,Torrijos,mtorrijosp8@jalbum.net,Female,362-512-1353,Venezuela,02-08-2001
910,Rena,Ferencz,rferenczp9@mayoclinic.com,Female,602-268-5466,China,09-02-1991
911,Rowney,Croxall,rcroxallpa@ucoz.ru,Male,509-601-0378,Cuba,10-01-2004
912,Jefferey,Peschka,jpeschkapb@vk.com,Male,884-295-3212,Indonesia,01-06-2017
913,Eyde,Bickerstasse,ebickerstassepc@aboutads.info,Female,996-655-6116,Indonesia,09-10-2020
914,Jehu,Vivash,jvivashpd@typepad.com,Male,975-776-6679,China,23-04-2003
915,Hilly,Semper,hsemperpe@opera.com,Male,449-811-3319,Czech Republic,07-12-2003
916,Brock,Dearlove,bdearlovepf@marketwatch.com,Male,924-742-4737,China,16-06-2004
917,Davin,Cavanaugh,dcavanaughpg@discovery.com,Male,789-275-1929,Cuba,22-07-1990
918,Cindy,Talbot,ctalbotph@narod.ru,Female,738-963-1921,Japan,05-11-2019
919,Ellie,Skewes,eskewespi@twitpic.com,Female,742-876-3515,Brazil,04-06-2007
920,Lissi,Book,lbookpj@studiopress.com,Female,458-350-9149,Thailand,28-07-2021
921,Joey,Stearn,jstearnpk@msu.edu,Female,844-577-4764,China,06-06-2008
922,Robbert,Pleven,rplevenpl@stumbleupon.com,Male,432-195-2359,China,12-02-2016
923,Mickey,Astridge,mastridgepm@berkeley.edu,Male,471-916-6874,Indonesia,15-06-1996
924,Cam,Welbourn,cwelbournpn@diigo.com,Female,517-928-5655,South Africa,03-03-1993
925,Gayleen,De Souza,gdesouzapo@bloglines.com,Non-binary,392-862-1148,Portugal,10-04-1998
926,Sibelle,Beautyman,sbeautymanpp@nydailynews.com,Genderqueer,361-996-2775,Taiwan,10-02-1993
927,Ambrosio,Morit,amoritpq@tamu.edu,Male,315-816-1460,China,22-09-2011
928,Elvis,Hollows,ehollowspr@sina.com.cn,Male,606-433-1999,Indonesia,17-07-2017
929,Alicia,Stirling,astirlingps@techcrunch.com,Non-binary,518-657-2422,Brazil,07-10-2014
930,Carlita,Meiningen,cmeiningenpt@shareasale.com,Female,975-720-4748,China,07-08-2018
931,Jessamyn,Goodnow,jgoodnowpu@domainmarket.com,Female,206-526-5026,China,08-04-2017
932,Romonda,Daudray,rdaudraypv@about.me,Female,697-595-7476,Macao,11-11-1998
933,Odille,Gault,ogaultpw@google.es,Polygender,364-121-1684,Russia,29-08-1992
934,Laurella,Cleland,lclelandpx@tinypic.com,Female,425-846-3467,China,06-12-1992
935,Leda,Olivet,lolivetpy@businesswire.com,Female,210-559-3837,Indonesia,28-08-2020
936,Che,Papis,cpapispz@yellowbook.com,Male,831-331-5257,Czech Republic,14-06-2008
937,Felicle,Few,ffewq0@nbcnews.com,Bigender,686-151-0310,China,23-09-2007
938,Aron,Sedge,asedgeq1@facebook.com,Male,966-317-2678,China,27-01-2009
939,Renata,O'Fallon,rofallonq2@wp.com,Female,234-893-9678,China,26-08-2014
940,Tressa,Battye,tbattyeq3@mlb.com,Female,134-694-2230,Argentina,20-11-1994
941,Nathanil,Monteith,nmonteithq4@vimeo.com,Male,619-978-0214,Indonesia,28-04-1993
942,Codee,Prestidge,cprestidgeq5@feedburner.com,Female,404-584-3033,Vietnam,02-01-2011
943,Powell,Aspole,paspoleq6@stanford.edu,Bigender,929-175-6365,Nigeria,02-09-2010
944,Evey,Shale,eshaleq7@wufoo.com,Polygender,276-956-1041,Iran,23-10-2018
945,Cassie,Spaven,cspavenq8@etsy.com,Female,308-387-9512,China,30-09-2010
946,Mirella,Coots,mcootsq9@instagram.com,Female,249-804-6964,Bulgaria,06-08-2010
947,Welsh,Edleston,wedlestonqa@census.gov,Male,804-566-7843,Bangladesh,20-09-2002
948,Maryl,Branford,mbranfordqb@freewebs.com,Female,339-658-6010,China,26-10-2017
949,Charley,Millis,cmillisqc@google.com.hk,Male,691-688-3974,China,28-10-2013
950,Joanne,Wolverson,jwolversonqd@globo.com,Female,990-779-6546,Guatemala,16-07-2010
951,Caria,Horsefield,chorsefieldqe@disqus.com,Female,852-377-2472,Spain,18-02-2001
952,Woody,Caffrey,wcaffreyqf@dailymotion.com,Male,273-956-5664,Russia,17-09-2021
953,Myrwyn,Cuerdall,mcuerdallqg@wordpress.org,Male,238-631-6255,Poland,26-05-2021
954,William,O' Sullivan,wosullivanqh@buzzfeed.com,Male,830-724-3138,China,27-06-2001
955,Wayland,Bourton,wbourtonqi@goo.gl,Male,191-868-0512,Russia,03-09-1998
956,Baxy,Aleksashin,baleksashinqj@blinklist.com,Male,866-246-9636,Greece,17-11-2006
957,Faunie,Sheering,fsheeringqk@hostgator.com,Female,200-943-7956,Portugal,12-09-2013
958,Nellie,Haslum,nhaslumql@amazon.com,Female,472-835-1068,Greece,27-09-2005
959,Nathalia,Raddin,nraddinqm@mtv.com,Female,144-466-6480,Indonesia,06-12-2014
960,Conchita,Birt,cbirtqn@amazon.com,Female,839-563-5073,Sweden,16-12-2016
961,Anthia,O'Skehan,aoskehanqo@naver.com,Female,131-365-4150,China,20-01-1993
962,Dotti,Marsie,dmarsieqp@shinystat.com,Female,221-805-9866,Brazil,26-06-1994
963,Eolanda,Kiossel,ekiosselqq@bloomberg.com,Female,773-370-8054,Philippines,30-07-2014
964,Luci,Havis,lhavisqr@stanford.edu,Female,852-263-8434,China,19-12-2016
965,Claudie,Canto,ccantoqs@si.edu,Female,755-239-1099,Uzbekistan,30-08-2002
966,Davin,Rapley,drapleyqt@walmart.com,Male,285-993-9380,Ivory Coast,16-09-1992
967,Hartwell,Keigher,hkeigherqu@ask.com,Male,770-410-2705,Brazil,12-07-2020
968,Arlen,Vispo,avispoqv@csmonitor.com,Bigender,814-855-4635,Madagascar,11-10-2016
969,Giffie,Picardo,gpicardoqw@yelp.com,Male,686-451-8895,France,01-07-1996
970,Payton,Ledur,pledurqx@drupal.org,Male,438-854-0424,Bolivia,24-02-1996
971,Ketti,Merricks,kmerricksqy@weibo.com,Female,658-251-1462,Brazil,17-11-2014
972,Maddy,Kiehne,mkiehneqz@csmonitor.com,Female,606-113-7952,Brazil,28-11-1995
973,Broddy,Corkel,bcorkelr0@psu.edu,Male,863-279-0177,China,06-01-1999
974,Guglielma,Cropper,gcropperr1@csmonitor.com,Female,605-986-4578,Philippines,03-03-2017
975,Ulrich,Dursley,udursleyr2@ezinearticles.com,Male,545-763-2584,Morocco,10-12-1993
976,Paco,Bowcock,pbowcockr3@gravatar.com,Male,566-299-2452,France,19-01-1996
977,Bernette,Greste,bgrester4@posterous.com,Female,319-270-0683,Indonesia,12-06-2012
978,Evin,Kuschke,ekuschker5@weebly.com,Male,467-713-8782,Indonesia,11-09-2016
979,Torie,Comben,tcombenr6@tmall.com,Polygender,572-830-6911,Indonesia,13-05-1991
980,Myrtie,Canning,mcanningr7@netlog.com,Female,287-466-4211,China,04-09-2000
981,Odessa,Johncey,ojohnceyr8@networkadvertising.org,Female,887-203-4812,Croatia,18-09-1999
982,Tanitansy,Drakeford,tdrakefordr9@ox.ac.uk,Female,489-662-9904,China,07-07-2001
983,Queenie,Pieracci,qpieraccira@reuters.com,Female,201-660-0902,Peru,10-06-1993
984,Ervin,Casbon,ecasbonrb@vinaora.com,Male,452-154-8343,Brazil,04-04-2008
985,Mendy,Bourthouloume,mbourthouloumerc@marketwatch.com,Male,307-386-8537,Indonesia,28-07-1995
986,Martica,Halvosen,mhalvosenrd@hhs.gov,Female,411-827-5186,Angola,29-12-2004
987,Antonietta,Taaffe,ataaffere@aboutads.info,Female,959-607-8902,Russia,30-09-2003
988,Kim,Lapworth,klapworthrf@amazon.co.uk,Male,865-124-2521,Portugal,31-12-2009
989,Dave,Milmoe,dmilmoerg@biglobe.ne.jp,Genderfluid,384-605-7910,Russia,03-10-2003
990,Marcellus,Zottoli,mzottolirh@state.gov,Male,183-405-2323,China,17-04-2011
991,Bernette,Desvignes,bdesvignesri@tumblr.com,Female,402-736-4394,Poland,15-04-2015
992,Adey,Jermyn,ajermynrj@homestead.com,Female,983-795-0481,China,30-05-1997
993,Joe,Gwillyam,jgwillyamrk@lulu.com,Genderfluid,918-491-7858,Russia,27-01-2017
994,Patricio,Davidovic,pdavidovicrl@moonfruit.com,Male,646-672-9876,Albania,18-07-2006
995,Arleen,Pontain,apontainrm@auda.org.au,Genderfluid,156-249-8309,Malaysia,03-03-1996
996,Jenni,Doberer,jdobererrn@surveymonkey.com,Female,188-652-3663,Portugal,06-11-2021
997,Eveleen,Buncher,ebuncherro@reuters.com,Female,764-482-1405,China,23-09-2013
998,Waldemar,Oslar,woslarrp@gov.uk,Male,243-647-5326,Russia,30-08-2021
999,Mikaela,Morrel,mmorrelrq@intel.com,Female,855-756-0848,France,16-02-2003
1000,Pryce,Petrik,ppetrikrr@spotify.com,Male,430-677-0804,Portugal,09-10-2021
